time,temperature_2m (Â°C),relative_humidity_2m (%),rain (mm),surface_pressure (hPa),cloud_cover (%),wind_speed_10m (km/h)
2023-01-01T00:00,12.7,95,3.70,995.8,100,9.8
2023-01-01T01:00,12.6,93,5.70,994.9,100,11.9
2023-01-01T02:00,12.7,92,8.70,993.7,100,9.5
2023-01-01T03:00,13.1,91,10.20,993.1,100,12.1
2023-01-01T04:00,13.7,87,2.60,992.3,100,25.9
2023-01-01T05:00,13.8,86,1.40,992.0,100,26.4
2023-01-01T06:00,13.9,85,0.80,991.8,100,25.9
2023-01-01T07:00,13.8,85,1.20,991.7,100,30.3
2023-01-01T08:00,13.7,84,1.40,992.1,100,29.5
2023-01-01T09:00,13.5,83,1.40,992.0,100,27.7
2023-01-01T10:00,13.3,82,1.70,991.3,100,30.2
2023-01-01T11:00,13.0,85,2.90,991.2,100,31.7
2023-01-01T12:00,13.3,92,8.40,990.8,100,26.5
2023-01-01T13:00,13.2,94,6.60,991.2,100,21.0
2023-01-01T14:00,12.8,94,5.50,991.3,100,16.7
2023-01-01T15:00,12.5,95,4.40,991.1,100,11.4
2023-01-01T16:00,12.1,92,2.30,991.4,100,9.4
2023-01-01T17:00,11.9,89,2.10,991.9,100,10.2
2023-01-01T18:00,11.3,91,2.40,992.8,93,10.3
2023-01-01T19:00,11.1,90,1.50,993.7,100,5.8
2023-01-01T20:00,10.9,93,0.80,994.9,100,6.8
2023-01-01T21:00,10.1,91,1.10,996.0,100,12.1
2023-01-01T22:00,9.6,93,0.20,996.7,34,5.8
2023-01-01T23:00,8.9,93,0.40,997.6,57,4.8
2023-01-02T00:00,8.5,93,0.00,998.5,28,2.9
2023-01-02T01:00,7.9,95,0.00,998.4,20,5.8
2023-01-02T02:00,7.4,94,0.00,998.8,37,6.1
2023-01-02T03:00,7.1,94,0.10,999.5,31,5.6
2023-01-02T04:00,7.1,93,0.10,1000.3,42,4.1
2023-01-02T05:00,6.8,93,0.20,1001.0,54,4.7
2023-01-02T06:00,6.2,95,0.00,1001.2,55,5.1
2023-01-02T07:00,6.1,94,0.00,1001.8,16,5.4
2023-01-02T08:00,5.8,94,0.00,1002.3,18,4.4
2023-01-02T09:00,6.6,93,0.00,1002.7,10,5.4
2023-01-02T10:00,8.7,91,0.00,1003.5,11,3.6
2023-01-02T11:00,10.7,83,0.00,1004.1,5,2.0
2023-01-02T12:00,11.3,80,0.00,1004.2,8,3.3
2023-01-02T13:00,11.9,76,0.00,1004.0,18,3.9
2023-01-02T14:00,12.2,72,0.00,1004.0,10,3.4
2023-01-02T15:00,12.2,70,0.00,1004.1,12,2.9
2023-01-02T16:00,11.8,71,0.00,1004.3,18,3.8
2023-01-02T17:00,11.3,71,0.10,1004.7,17,4.7
2023-01-02T18:00,10.4,75,0.00,1004.9,11,3.5
2023-01-02T19:00,9.7,79,0.00,1005.2,33,1.1
2023-01-02T20:00,9.2,80,0.00,1005.5,33,1.1
2023-01-02T21:00,8.7,81,0.00,1006.1,33,2.2
2023-01-02T22:00,6.0,90,0.00,1006.2,72,5.8
2023-01-02T23:00,5.4,90,0.00,1006.3,9,7.2
2023-01-03T00:00,4.6,92,0.00,1006.5,5,6.1
2023-01-03T01:00,3.6,93,0.00,1006.6,8,5.4
2023-01-03T02:00,3.7,93,0.00,1006.5,7,5.1
2023-01-03T03:00,3.1,93,0.00,1006.5,8,5.9
2023-01-03T04:00,2.7,94,0.00,1006.4,7,6.2
2023-01-03T05:00,2.2,94,0.00,1006.6,7,6.2
2023-01-03T06:00,2.3,93,0.00,1006.6,8,5.8
2023-01-03T07:00,2.3,92,0.00,1007.1,3,5.4
2023-01-03T08:00,2.2,92,0.00,1007.6,2,5.4
2023-01-03T09:00,4.4,87,0.00,1008.2,0,7.3
2023-01-03T10:00,7.8,80,0.00,1009.0,0,6.3
2023-01-03T11:00,10.4,74,0.00,1009.8,55,4.4
2023-01-03T12:00,11.1,71,0.00,1010.2,100,6.1
2023-01-03T13:00,11.9,66,0.00,1009.7,100,5.6
2023-01-03T14:00,12.4,64,0.00,1009.2,43,5.9
2023-01-03T15:00,12.6,63,0.00,1008.7,31,6.2
2023-01-03T16:00,12.1,76,0.00,1009.0,32,1.5
2023-01-03T17:00,11.7,68,0.00,1009.3,31,3.9
2023-01-03T18:00,10.7,72,0.00,1009.6,32,1.5
2023-01-03T19:00,8.8,79,0.00,1009.9,17,4.4
2023-01-03T20:00,8.2,80,0.00,1009.9,20,4.7
2023-01-03T21:00,6.7,83,0.00,1010.3,27,5.8
2023-01-03T22:00,5.2,88,0.00,1010.2,3,6.6
2023-01-03T23:00,4.8,88,0.00,1010.5,0,6.2
2023-01-04T00:00,4.3,93,0.00,1010.8,0,4.7
2023-01-04T01:00,4.1,93,0.00,1010.4,0,4.7
2023-01-04T02:00,3.9,93,0.00,1010.1,3,4.7
2023-01-04T03:00,3.7,94,0.00,1010.2,14,5.1
2023-01-04T04:00,3.2,94,0.00,1010.3,1,5.7
2023-01-04T05:00,3.3,94,0.00,1010.2,1,5.1
2023-01-04T06:00,3.2,94,0.00,1009.7,0,5.1
2023-01-04T07:00,3.0,94,0.00,1010.0,7,5.4
2023-01-04T08:00,2.8,94,0.00,1010.3,2,6.1
2023-01-04T09:00,5.3,88,0.00,1010.9,3,5.4
2023-01-04T10:00,8.5,83,0.00,1011.7,2,4.3
2023-01-04T11:00,11.3,78,0.00,1011.9,1,2.7
2023-01-04T12:00,12.5,75,0.00,1011.8,3,1.6
2023-01-04T13:00,13.7,72,0.00,1011.2,0,0.7
2023-01-04T14:00,14.2,69,0.00,1010.6,0,0.8
2023-01-04T15:00,14.2,69,0.00,1010.2,0,2.5
2023-01-04T16:00,13.9,75,0.00,1010.2,2,2.3
2023-01-04T17:00,13.5,74,0.00,1010.0,3,3.3
2023-01-04T18:00,11.3,82,0.00,1010.0,9,5.2
2023-01-04T19:00,9.2,88,0.00,1009.9,8,5.4
2023-01-04T20:00,6.9,94,0.00,1009.5,8,6.2
2023-01-04T21:00,5.7,95,0.00,1009.3,0,5.4
2023-01-04T22:00,5.0,95,0.00,1009.0,0,4.7
2023-01-04T23:00,4.5,95,0.00,1008.8,0,4.4
2023-01-05T00:00,4.5,94,0.00,1008.4,2,6.3
2023-01-05T01:00,4.1,93,0.00,1007.9,0,6.2
2023-01-05T02:00,4.1,92,0.00,1007.3,0,6.8
2023-01-05T03:00,3.9,92,0.00,1007.0,0,6.8
2023-01-05T04:00,3.7,93,0.00,1006.6,0,7.2
2023-01-05T05:00,3.3,93,0.00,1006.4,0,7.6
2023-01-05T06:00,3.2,92,0.00,1006.2,0,6.9
2023-01-05T07:00,3.1,92,0.00,1006.3,0,6.6
2023-01-05T08:00,3.0,92,0.00,1006.4,0,6.3
2023-01-05T09:00,5.1,87,0.00,1006.7,0,7.0
2023-01-05T10:00,7.8,83,0.00,1007.0,0,5.1
2023-01-05T11:00,10.5,76,0.00,1007.2,0,3.7
2023-01-05T12:00,12.1,71,0.00,1006.5,0,6.4
2023-01-05T13:00,13.3,64,0.00,1005.7,0,8.7
2023-01-05T14:00,13.9,58,0.00,1005.1,3,8.7
2023-01-05T15:00,13.8,57,0.00,1004.6,1,7.9
2023-01-05T16:00,12.9,69,0.00,1004.3,0,4.2
2023-01-05T17:00,12.1,65,0.00,1004.1,1,6.4
2023-01-05T18:00,11.0,69,0.00,1004.0,0,4.7
2023-01-05T19:00,6.7,84,0.00,1003.7,0,6.8
2023-01-05T20:00,5.3,89,0.00,1004.1,0,7.4
2023-01-05T21:00,4.1,92,0.00,1004.4,0,6.9
2023-01-05T22:00,3.6,92,0.00,1004.1,0,5.8
2023-01-05T23:00,3.0,92,0.00,1003.8,0,5.5
2023-01-06T00:00,3.4,92,0.00,1003.6,10,6.6
2023-01-06T01:00,3.3,91,0.00,1003.1,32,5.9
2023-01-06T02:00,3.5,90,0.00,1002.9,40,5.6
2023-01-06T03:00,4.8,87,0.00,1003.0,81,4.9
2023-01-06T04:00,5.1,88,0.00,1002.8,100,5.5
2023-01-06T05:00,5.5,88,0.00,1002.4,66,6.3
2023-01-06T06:00,6.3,86,0.00,1001.9,33,7.2
2023-01-06T07:00,6.1,88,0.00,1002.3,97,7.2
2023-01-06T08:00,5.5,90,0.00,1002.6,100,7.4
2023-01-06T09:00,6.4,89,0.00,1002.7,65,10.1
2023-01-06T10:00,8.2,86,0.00,1003.2,50,9.5
2023-01-06T11:00,10.0,80,0.00,1003.5,53,9.5
2023-01-06T12:00,10.6,75,0.00,1003.4,100,12.3
2023-01-06T13:00,11.2,73,0.00,1002.5,83,13.0
2023-01-06T14:00,11.7,73,0.00,1001.5,72,14.9
2023-01-06T15:00,11.8,73,0.00,1001.0,73,13.5
2023-01-06T16:00,11.5,75,0.00,1000.6,100,9.8
2023-01-06T17:00,11.2,79,0.20,1000.5,86,9.1
2023-01-06T18:00,9.5,85,0.20,1000.3,77,10.7
2023-01-06T19:00,8.8,84,0.10,1000.1,100,11.8
2023-01-06T20:00,9.4,81,0.10,1000.1,93,13.1
2023-01-06T21:00,9.8,81,0.10,1000.1,100,13.5
2023-01-06T22:00,10.2,84,0.00,999.7,76,15.8
2023-01-06T23:00,10.2,87,0.40,999.2,100,17.9
2023-01-07T00:00,10.6,82,0.00,998.5,100,18.1
2023-01-07T01:00,11.0,84,0.00,998.1,100,18.2
2023-01-07T02:00,11.6,84,0.00,997.0,100,22.5
2023-01-07T03:00,11.7,87,1.20,996.8,100,23.4
2023-01-07T04:00,11.5,91,2.10,995.5,100,25.2
2023-01-07T05:00,11.6,91,3.30,994.2,100,29.9
2023-01-07T06:00,11.5,92,5.30,994.2,100,28.2
2023-01-07T07:00,11.7,93,10.90,994.0,100,26.6
2023-01-07T08:00,11.9,94,6.20,994.1,100,27.0
2023-01-07T09:00,12.3,96,12.00,993.9,100,22.9
2023-01-07T10:00,12.9,95,5.10,994.5,100,22.1
2023-01-07T11:00,13.3,97,2.70,994.5,100,19.7
2023-01-07T12:00,13.3,96,5.00,994.3,100,22.4
2023-01-07T13:00,13.1,93,2.00,993.8,100,17.4
2023-01-07T14:00,12.7,92,0.90,993.4,100,16.0
2023-01-07T15:00,12.9,92,0.50,993.2,100,12.2
2023-01-07T16:00,12.4,92,2.00,993.5,100,14.6
2023-01-07T17:00,12.1,93,1.20,993.7,94,8.0
2023-01-07T18:00,11.5,88,0.60,994.0,100,10.3
2023-01-07T19:00,11.2,87,0.50,994.2,100,9.6
2023-01-07T20:00,10.9,92,0.30,995.1,100,10.1
2023-01-07T21:00,10.8,94,0.40,994.9,100,12.8
2023-01-07T22:00,11.1,93,0.40,994.5,100,12.5
2023-01-07T23:00,11.0,93,1.10,994.5,100,11.5
2023-01-08T00:00,11.0,92,2.30,994.0,100,16.2
2023-01-08T01:00,11.0,91,2.60,993.2,100,19.2
2023-01-08T02:00,11.4,93,2.90,992.3,100,17.5
2023-01-08T03:00,11.6,94,4.10,991.7,100,16.4
2023-01-08T04:00,12.0,94,3.90,990.6,100,18.5
2023-01-08T05:00,12.5,95,5.40,989.3,100,23.6
2023-01-08T06:00,12.9,94,4.50,988.2,100,27.0
2023-01-08T07:00,13.8,94,5.40,988.5,100,31.0
2023-01-08T08:00,14.1,94,3.00,988.9,100,29.3
2023-01-08T09:00,14.1,95,0.80,989.8,100,25.8
2023-01-08T10:00,13.9,94,0.40,991.2,100,19.8
2023-01-08T11:00,14.0,86,0.30,992.3,100,17.2
2023-01-08T12:00,13.4,89,0.10,992.4,100,15.9
2023-01-08T13:00,13.3,87,0.10,991.8,100,17.0
2023-01-08T14:00,13.1,91,0.80,991.8,100,17.0
2023-01-08T15:00,12.9,91,0.20,992.0,100,13.0
2023-01-08T16:00,12.6,92,0.20,992.6,100,15.0
2023-01-08T17:00,12.4,92,0.10,993.3,100,11.1
2023-01-08T18:00,12.2,91,0.10,994.1,100,12.2
2023-01-08T19:00,11.9,92,0.10,995.0,100,11.4
2023-01-08T20:00,11.6,94,0.00,995.6,91,8.7
2023-01-08T21:00,11.1,94,0.00,996.7,50,8.8
2023-01-08T22:00,10.8,93,0.00,997.6,64,7.9
2023-01-08T23:00,10.0,93,0.00,998.1,40,5.2
2023-01-09T00:00,9.6,94,0.00,997.9,78,6.2
2023-01-09T01:00,8.5,95,0.00,998.0,64,6.5
2023-01-09T02:00,7.6,94,0.00,998.3,66,7.9
2023-01-09T03:00,8.4,92,0.00,999.3,33,5.8
2023-01-09T04:00,7.9,92,0.00,999.7,50,6.6
2023-01-09T05:00,7.6,91,0.00,1000.1,77,6.6
2023-01-09T06:00,8.1,92,0.00,1000.5,100,6.4
2023-01-09T07:00,8.9,88,0.00,1001.5,100,5.2
2023-01-09T08:00,9.9,81,0.00,1002.4,59,2.3
2023-01-09T09:00,9.2,89,0.00,1003.2,57,2.5
2023-01-09T10:00,10.6,85,0.00,1004.2,65,5.1
2023-01-09T11:00,11.6,77,0.00,1004.7,47,5.4
2023-01-09T12:00,11.8,76,0.00,1005.0,74,1.9
2023-01-09T13:00,12.3,72,0.00,1004.8,67,1.6
2023-01-09T14:00,12.6,68,0.00,1004.3,68,3.7
2023-01-09T15:00,12.7,65,0.00,1004.2,90,5.2
2023-01-09T16:00,12.6,65,0.00,1004.6,76,5.2
2023-01-09T17:00,11.2,80,0.00,1004.8,52,4.7
2023-01-09T18:00,9.6,83,0.00,1004.8,17,6.7
2023-01-09T19:00,8.7,84,0.00,1005.2,46,6.5
2023-01-09T20:00,8.4,88,0.00,1005.7,90,6.4
2023-01-09T21:00,8.6,85,0.00,1006.1,90,5.5
2023-01-09T22:00,9.5,81,0.00,1006.2,90,6.3
2023-01-09T23:00,9.7,81,0.00,1006.2,91,6.1
2023-01-10T00:00,9.1,84,0.00,1006.3,100,6.0
2023-01-10T01:00,9.6,82,0.00,1006.1,100,5.5
2023-01-10T02:00,9.6,83,0.00,1006.0,92,5.0
2023-01-10T03:00,9.8,82,0.00,1006.2,100,6.6
2023-01-10T04:00,10.1,82,0.00,1006.0,100,6.5
2023-01-10T05:00,10.0,83,0.00,1005.6,100,7.0
2023-01-10T06:00,10.0,84,0.00,1005.3,100,4.6
2023-01-10T07:00,10.2,84,0.00,1005.3,90,5.9
2023-01-10T08:00,10.4,86,0.20,1005.2,98,6.1
2023-01-10T09:00,10.9,86,0.10,1005.5,100,6.0
2023-01-10T10:00,11.5,86,0.10,1006.2,100,7.6
2023-01-10T11:00,12.6,84,0.00,1006.7,100,12.6
2023-01-10T12:00,12.6,91,0.00,1006.4,100,13.8
2023-01-10T13:00,13.2,89,0.10,1005.6,100,15.2
2023-01-10T14:00,13.3,90,0.30,1005.0,100,15.0
2023-01-10T15:00,13.0,93,0.70,1004.4,100,13.1
2023-01-10T16:00,12.6,95,0.30,1004.4,100,12.3
2023-01-10T17:00,12.9,96,0.20,1004.2,100,13.7
2023-01-10T18:00,12.7,96,0.20,1004.4,100,14.5
2023-01-10T19:00,12.6,95,0.10,1004.6,100,13.4
2023-01-10T20:00,12.6,94,0.10,1004.5,94,13.3
2023-01-10T21:00,12.5,95,0.10,1004.2,100,14.2
2023-01-10T22:00,12.6,95,0.30,1003.9,100,15.7
2023-01-10T23:00,12.5,96,1.70,1003.6,100,15.6
2023-01-11T00:00,12.3,96,2.00,1003.5,100,17.0
2023-01-11T01:00,12.4,96,3.20,1002.1,100,17.0
2023-01-11T02:00,12.6,95,5.70,1002.6,100,14.6
2023-01-11T03:00,12.1,94,1.20,1003.0,100,11.1
2023-01-11T04:00,11.8,94,0.20,1003.4,76,8.0
2023-01-11T05:00,11.4,95,0.00,1003.7,70,5.9
2023-01-11T06:00,10.9,94,0.00,1004.1,7,4.7
2023-01-11T07:00,9.6,93,0.00,1005.0,6,5.4
2023-01-11T08:00,9.3,92,0.00,1006.1,40,7.1
2023-01-11T09:00,10.5,90,0.00,1007.2,7,8.5
2023-01-11T10:00,11.7,87,0.00,1008.1,4,9.4
2023-01-11T11:00,12.5,84,0.00,1008.8,14,9.8
2023-01-11T12:00,13.2,76,0.00,1008.8,12,7.7
2023-01-11T13:00,13.9,65,0.00,1008.2,2,9.1
2023-01-11T14:00,14.1,61,0.00,1007.9,1,10.8
2023-01-11T15:00,13.9,60,0.00,1007.8,3,12.3
2023-01-11T16:00,13.4,65,0.00,1008.0,0,9.8
2023-01-11T17:00,11.4,73,0.00,1008.2,0,8.2
2023-01-11T18:00,9.1,83,0.00,1008.5,22,7.6
2023-01-11T19:00,7.4,88,0.00,1008.4,4,7.9
2023-01-11T20:00,6.5,90,0.00,1008.7,8,8.6
2023-01-11T21:00,5.8,91,0.00,1009.1,19,9.5
2023-01-11T22:00,6.5,87,0.00,1009.2,30,7.9
2023-01-11T23:00,8.0,82,0.00,1009.5,30,4.9
2023-01-12T00:00,7.6,81,0.00,1009.3,30,2.9
2023-01-12T01:00,4.8,90,0.00,1008.9,30,6.4
2023-01-12T02:00,4.8,88,0.00,1008.6,30,7.6
2023-01-12T03:00,4.9,86,0.00,1008.4,29,7.6
2023-01-12T04:00,5.7,82,0.00,1008.0,30,6.3
2023-01-12T05:00,5.4,83,0.00,1007.3,30,5.9
2023-01-12T06:00,4.3,86,0.00,1006.7,31,7.1
2023-01-12T07:00,4.0,86,0.00,1007.0,30,6.9
2023-01-12T08:00,4.0,88,0.00,1007.3,36,8.3
2023-01-12T09:00,6.2,84,0.00,1007.7,65,4.7
2023-01-12T10:00,8.4,82,0.00,1007.9,100,6.1
2023-01-12T11:00,10.4,78,0.00,1008.3,95,4.2
2023-01-12T12:00,11.1,79,0.00,1008.3,100,4.6
2023-01-12T13:00,11.7,79,0.00,1007.4,100,7.1
2023-01-12T14:00,12.1,78,0.00,1006.4,100,9.3
2023-01-12T15:00,12.2,76,0.20,1006.0,100,11.9
2023-01-12T16:00,11.5,82,0.00,1006.2,100,9.6
2023-01-12T17:00,10.7,88,0.00,1006.2,100,6.1
2023-01-12T18:00,10.1,92,0.00,1006.4,100,5.5
2023-01-12T19:00,10.2,92,0.40,1006.7,100,6.4
2023-01-12T20:00,10.0,94,0.30,1006.7,100,6.5
2023-01-12T21:00,9.6,95,0.00,1006.6,100,5.6
2023-01-12T22:00,9.2,95,0.00,1006.5,100,5.3
2023-01-12T23:00,9.4,95,0.00,1006.3,100,4.7
2023-01-13T00:00,9.5,95,0.00,1006.3,100,7.3
2023-01-13T01:00,9.6,94,0.00,1005.8,100,5.0
2023-01-13T02:00,9.3,95,0.00,1005.5,100,4.7
2023-01-13T03:00,9.7,93,0.00,1005.6,100,4.5
2023-01-13T04:00,9.5,93,0.00,1005.4,100,5.6
2023-01-13T05:00,9.5,92,0.00,1005.3,100,7.0
2023-01-13T06:00,9.7,90,0.00,1005.1,100,6.7
2023-01-13T07:00,9.8,89,0.00,1005.5,100,5.0
2023-01-13T08:00,9.4,92,0.00,1005.8,100,4.7
2023-01-13T09:00,10.0,89,0.00,1006.3,100,6.6
2023-01-13T10:00,11.1,86,0.00,1006.7,100,6.6
2023-01-13T11:00,12.5,80,0.00,1006.8,16,9.0
2023-01-13T12:00,13.2,75,0.00,1006.6,100,8.0
2023-01-13T13:00,13.9,72,0.00,1006.2,59,7.2
2023-01-13T14:00,14.5,70,0.00,1005.1,73,8.3
2023-01-13T15:00,15.0,68,0.00,1004.8,100,8.8
2023-01-13T16:00,14.3,74,0.00,1005.1,100,8.4
2023-01-13T17:00,12.9,81,0.00,1005.2,100,8.4
2023-01-13T18:00,12.0,86,0.00,1004.8,93,3.6
2023-01-13T19:00,11.5,90,0.00,1005.2,100,3.8
2023-01-13T20:00,11.5,90,0.00,1005.5,100,3.4
2023-01-13T21:00,11.7,88,0.00,1005.2,100,5.9
2023-01-13T22:00,11.6,87,0.00,1005.1,100,7.1
2023-01-13T23:00,11.9,84,0.00,1004.9,100,7.9
2023-01-14T00:00,11.9,85,0.20,1004.7,99,7.6
2023-01-14T01:00,11.8,86,0.30,1004.3,100,6.7
2023-01-14T02:00,11.6,87,0.10,1004.0,92,8.1
2023-01-14T03:00,11.7,86,0.00,1003.8,92,9.4
2023-01-14T04:00,11.8,84,0.00,1003.7,90,9.4
2023-01-14T05:00,11.8,83,0.00,1003.4,99,9.1
2023-01-14T06:00,11.8,84,0.10,1003.1,100,9.7
2023-01-14T07:00,11.9,86,0.10,1003.5,100,10.8
2023-01-14T08:00,11.9,87,0.00,1003.5,100,12.3
2023-01-14T09:00,12.0,87,0.00,1003.4,100,13.0
2023-01-14T10:00,12.5,86,0.00,1003.6,100,13.9
2023-01-14T11:00,13.0,86,0.00,1003.9,100,15.0
2023-01-14T12:00,12.1,90,0.10,1003.4,100,17.2
2023-01-14T13:00,12.2,90,0.00,1002.6,100,15.0
2023-01-14T14:00,12.2,91,0.10,1001.9,100,17.3
2023-01-14T15:00,12.6,91,0.30,1001.6,100,19.9
2023-01-14T16:00,12.8,90,0.10,1001.2,100,19.0
2023-01-14T17:00,12.7,91,0.00,1000.9,100,15.5
2023-01-14T18:00,12.5,92,0.10,1000.9,100,16.1
2023-01-14T19:00,12.3,94,0.10,1001.0,100,21.3
2023-01-14T20:00,12.2,94,0.20,1001.1,100,20.1
2023-01-14T21:00,11.7,96,0.40,1001.0,98,17.7
2023-01-14T22:00,12.0,96,0.00,1000.5,100,16.4
2023-01-14T23:00,12.3,93,0.10,1000.3,100,18.0
2023-01-15T00:00,11.7,95,0.40,1000.1,100,17.2
2023-01-15T01:00,12.0,94,0.40,999.7,100,24.2
2023-01-15T02:00,11.2,86,0.40,1000.1,100,21.2
2023-01-15T03:00,9.4,80,0.00,1001.0,100,20.4
2023-01-15T04:00,8.7,79,0.00,1001.5,100,18.3
2023-01-15T05:00,8.1,79,0.00,1002.1,91,14.5
2023-01-15T06:00,7.9,80,0.00,1002.7,73,14.1
2023-01-15T07:00,7.0,84,0.00,1003.8,46,11.3
2023-01-15T08:00,5.6,89,0.00,1004.3,6,6.9
2023-01-15T09:00,6.8,86,0.00,1005.2,3,8.1
2023-01-15T10:00,8.6,78,0.00,1006.3,3,9.0
2023-01-15T11:00,9.7,70,0.00,1006.7,30,12.8
2023-01-15T12:00,10.3,61,0.00,1006.4,8,11.8
2023-01-15T13:00,10.8,57,0.00,1005.5,64,14.2
2023-01-15T14:00,10.9,54,0.00,1005.0,82,15.0
2023-01-15T15:00,10.5,54,0.00,1004.7,61,16.0
2023-01-15T16:00,10.2,55,0.00,1004.6,87,14.3
2023-01-15T17:00,9.2,61,0.00,1004.8,100,9.6
2023-01-15T18:00,8.8,65,0.00,1004.6,100,8.3
2023-01-15T19:00,8.7,67,0.00,1004.4,100,6.6
2023-01-15T20:00,9.0,65,0.00,1004.0,100,9.7
2023-01-15T21:00,9.7,64,0.00,1003.5,100,14.4
2023-01-15T22:00,10.3,64,0.00,1003.0,100,18.4
2023-01-15T23:00,10.1,74,0.30,1002.3,100,19.8
2023-01-16T00:00,9.8,80,0.40,1001.3,100,21.7
2023-01-16T01:00,10.3,84,0.30,1000.2,100,23.7
2023-01-16T02:00,10.6,85,0.50,999.0,100,25.6
2023-01-16T03:00,10.6,89,0.80,998.3,100,27.1
2023-01-16T04:00,10.9,90,0.50,997.9,100,23.9
2023-01-16T05:00,10.9,86,0.40,997.1,100,22.8
2023-01-16T06:00,11.0,91,0.50,996.9,100,26.2
2023-01-16T07:00,11.2,89,0.40,996.8,100,23.3
2023-01-16T08:00,11.2,90,0.70,996.5,100,23.5
2023-01-16T09:00,11.3,92,0.40,996.5,100,26.5
2023-01-16T10:00,11.5,92,0.80,996.3,100,27.9
2023-01-16T11:00,11.9,91,0.60,995.8,100,26.0
2023-01-16T12:00,11.9,94,0.80,994.7,100,28.1
2023-01-16T13:00,11.6,95,1.10,993.7,100,28.8
2023-01-16T14:00,11.4,95,1.40,992.4,100,30.3
2023-01-16T15:00,11.4,94,1.00,991.3,100,31.0
2023-01-16T16:00,11.3,94,1.50,990.8,100,32.4
2023-01-16T17:00,11.2,95,2.60,990.2,100,31.7
2023-01-16T18:00,11.6,93,1.10,989.5,100,29.7
2023-01-16T19:00,11.6,89,0.60,989.4,94,29.6
2023-01-16T20:00,11.2,89,1.50,988.6,100,28.5
2023-01-16T21:00,11.4,91,2.80,987.2,100,28.9
2023-01-16T22:00,11.7,92,4.10,986.3,100,33.0
2023-01-16T23:00,12.1,93,3.40,985.6,100,34.6
2023-01-17T00:00,11.9,93,1.70,985.1,100,27.5
2023-01-17T01:00,11.3,93,0.50,984.8,100,23.3
2023-01-17T02:00,11.4,85,0.70,984.1,38,22.0
2023-01-17T03:00,10.4,87,0.20,984.3,30,20.4
2023-01-17T04:00,10.3,79,0.10,984.2,32,19.8
2023-01-17T05:00,9.4,76,0.10,984.7,43,20.2
2023-01-17T06:00,8.7,78,0.00,985.1,60,20.8
2023-01-17T07:00,8.4,75,0.10,985.7,62,19.7
2023-01-17T08:00,7.9,76,0.00,985.9,100,17.2
2023-01-17T09:00,7.9,74,0.10,986.6,100,18.6
2023-01-17T10:00,8.5,76,0.90,986.7,98,21.4
2023-01-17T11:00,8.3,79,0.90,987.1,89,20.3
2023-01-17T12:00,8.8,78,1.00,986.1,74,15.5
2023-01-17T13:00,8.8,72,0.60,985.1,88,19.0
2023-01-17T14:00,7.3,79,1.30,985.1,100,20.5
2023-01-17T15:00,7.3,73,0.20,984.9,59,21.8
2023-01-17T16:00,7.0,76,0.90,985.1,73,23.7
2023-01-17T17:00,6.5,76,0.00,985.3,76,19.0
2023-01-17T18:00,6.1,77,0.10,985.5,80,17.5
2023-01-17T19:00,5.4,86,1.40,985.7,100,17.8
2023-01-17T20:00,5.4,84,0.30,985.7,100,17.2
2023-01-17T21:00,5.4,83,0.10,986.0,100,17.0
2023-01-17T22:00,4.6,87,0.90,986.4,83,18.5
2023-01-17T23:00,3.8,86,0.50,986.9,100,11.4
2023-01-18T00:00,4.7,84,0.70,986.6,100,9.4
2023-01-18T01:00,5.0,84,1.10,986.5,100,14.1
2023-01-18T02:00,5.3,89,1.40,986.6,100,15.8
2023-01-18T03:00,5.6,87,0.30,987.4,59,17.8
2023-01-18T04:00,5.9,84,0.00,988.1,82,16.2
2023-01-18T05:00,5.2,85,0.00,989.0,68,12.9
2023-01-18T06:00,4.6,88,0.00,989.9,66,8.9
2023-01-18T07:00,3.7,91,0.00,990.7,56,7.2
2023-01-18T08:00,2.2,93,0.00,991.5,56,6.4
2023-01-18T09:00,4.6,89,0.10,992.8,53,6.6
2023-01-18T10:00,6.1,83,0.00,993.8,48,7.0
2023-01-18T11:00,7.6,73,0.00,994.6,44,13.4
2023-01-18T12:00,7.9,70,0.00,995.2,74,10.9
2023-01-18T13:00,8.5,63,0.10,995.2,68,16.1
2023-01-18T14:00,7.7,72,0.30,995.2,86,18.3
2023-01-18T15:00,7.9,75,0.10,995.7,30,14.8
2023-01-18T16:00,8.1,75,0.40,996.3,22,18.4
2023-01-18T17:00,6.8,75,0.10,997.2,38,12.6
2023-01-18T18:00,5.1,84,0.00,998.1,6,7.2
2023-01-18T19:00,4.1,87,0.00,998.8,8,6.4
2023-01-18T20:00,2.4,90,0.00,999.3,11,8.4
2023-01-18T21:00,1.9,89,0.00,999.9,10,8.8
2023-01-18T22:00,4.7,78,0.00,1000.6,5,6.0
2023-01-18T23:00,4.5,79,0.00,1000.8,1,3.1
2023-01-19T00:00,2.2,89,0.00,1000.7,2,10.1
2023-01-19T01:00,2.4,84,0.00,1000.8,16,8.8
2023-01-19T02:00,5.0,75,0.00,1001.1,97,2.7
2023-01-19T03:00,2.9,85,0.00,1001.2,70,1.8
2023-01-19T04:00,5.0,75,0.00,1001.3,100,3.1
2023-01-19T05:00,4.2,87,0.00,1001.2,100,3.3
2023-01-19T06:00,4.9,84,0.00,1001.0,100,3.0
2023-01-19T07:00,5.0,90,0.10,1001.1,100,3.6
2023-01-19T08:00,5.2,92,0.00,1001.2,100,5.9
2023-01-19T09:00,5.9,93,0.10,1001.2,100,8.0
2023-01-19T10:00,6.8,91,0.10,1001.3,100,6.6
2023-01-19T11:00,8.0,91,0.10,1001.1,100,7.2
2023-01-19T12:00,8.5,92,0.20,1000.0,100,11.5
2023-01-19T13:00,9.5,90,1.50,998.8,100,12.3
2023-01-19T14:00,9.9,90,2.30,997.7,100,14.5
2023-01-19T15:00,10.3,91,2.50,996.9,100,17.3
2023-01-19T16:00,10.5,92,2.70,996.5,100,18.8
2023-01-19T17:00,10.8,92,1.70,996.5,100,17.8
2023-01-19T18:00,11.0,92,1.00,996.7,100,17.7
2023-01-19T19:00,11.2,92,0.30,996.9,100,17.1
2023-01-19T20:00,11.2,93,0.20,997.1,100,15.3
2023-01-19T21:00,11.3,93,0.20,997.3,100,14.3
2023-01-19T22:00,11.3,93,0.10,997.4,100,13.6
2023-01-19T23:00,11.4,93,0.10,997.6,100,12.3
2023-01-20T00:00,11.3,95,0.10,997.7,100,12.6
2023-01-20T01:00,11.4,95,0.00,997.5,100,12.1
2023-01-20T02:00,11.5,94,0.10,997.6,100,12.7
2023-01-20T03:00,11.7,94,0.10,997.9,91,13.2
2023-01-20T04:00,11.5,94,0.00,997.8,99,10.4
2023-01-20T05:00,10.6,95,0.00,997.9,100,5.7
2023-01-20T06:00,10.6,95,0.00,998.2,100,4.3
2023-01-20T07:00,10.4,96,0.00,998.7,100,3.6
2023-01-20T08:00,10.1,96,0.10,999.2,92,4.5
2023-01-20T09:00,10.8,95,0.00,1000.0,100,4.1
2023-01-20T10:00,11.9,93,0.00,1000.7,100,4.0
2023-01-20T11:00,13.1,86,0.00,1001.3,34,10.3
2023-01-20T12:00,13.7,83,0.00,1000.8,82,10.9
2023-01-20T13:00,14.3,77,0.00,1000.1,100,11.2
2023-01-20T14:00,14.4,75,0.10,999.8,100,14.8
2023-01-20T15:00,13.3,82,0.10,999.8,100,13.2
2023-01-20T16:00,13.0,85,0.00,1000.1,100,11.5
2023-01-20T17:00,12.5,87,0.00,1000.2,100,8.9
2023-01-20T18:00,11.7,91,0.00,1000.5,100,6.9
2023-01-20T19:00,11.5,93,0.10,1000.8,90,4.5
2023-01-20T20:00,11.2,95,0.00,1000.9,100,5.6
2023-01-20T21:00,11.4,93,0.00,1001.0,44,6.6
2023-01-20T22:00,10.0,95,0.00,1001.1,52,5.6
2023-01-20T23:00,9.8,96,0.00,1001.1,64,6.0
2023-01-21T00:00,11.2,95,0.00,1001.0,95,7.1
2023-01-21T01:00,11.2,95,0.00,1000.8,100,7.1
2023-01-21T02:00,11.1,94,0.00,1000.6,69,7.9
2023-01-21T03:00,11.1,94,0.00,1000.8,91,8.8
2023-01-21T04:00,11.2,94,0.00,1000.5,76,8.7
2023-01-21T05:00,11.1,94,0.00,1000.4,54,8.9
2023-01-21T06:00,10.9,94,0.00,1000.3,91,9.3
2023-01-21T07:00,10.5,95,0.00,1000.6,63,7.6
2023-01-21T08:00,10.2,95,0.00,1000.9,33,7.3
2023-01-21T09:00,10.9,94,0.00,1001.2,19,9.4
2023-01-21T10:00,12.6,85,0.00,1001.8,3,11.7
2023-01-21T11:00,13.7,80,0.00,1002.0,15,13.4
2023-01-21T12:00,14.2,73,0.00,1001.8,16,14.8
2023-01-21T13:00,14.8,68,0.00,1001.2,27,15.1
2023-01-21T14:00,15.0,66,0.00,1000.5,25,15.5
2023-01-21T15:00,15.0,63,0.00,1000.4,51,15.5
2023-01-21T16:00,14.4,67,0.00,1000.5,52,12.7
2023-01-21T17:00,13.2,72,0.00,1000.7,3,9.9
2023-01-21T18:00,11.1,76,0.00,1001.0,12,9.2
2023-01-21T19:00,10.2,73,0.00,1001.4,12,9.4
2023-01-21T20:00,9.4,75,0.00,1002.0,0,8.6
2023-01-21T21:00,8.6,77,0.00,1002.5,9,8.4
2023-01-21T22:00,7.4,82,0.00,1002.8,0,7.4
2023-01-21T23:00,6.2,86,0.00,1003.0,12,6.9
2023-01-22T00:00,5.3,88,0.00,1002.7,8,7.1
2023-01-22T01:00,5.1,87,0.00,1002.8,4,6.9
2023-01-22T02:00,4.8,87,0.00,1003.1,1,6.4
2023-01-22T03:00,4.4,86,0.00,1003.6,0,7.4
2023-01-22T04:00,4.6,77,0.00,1003.9,0,7.3
2023-01-22T05:00,4.6,69,0.00,1004.4,1,7.3
2023-01-22T06:00,4.5,67,0.00,1004.8,0,8.3
2023-01-22T07:00,4.8,64,0.00,1004.9,12,10.5
2023-01-22T08:00,4.3,66,0.00,1005.4,30,8.6
2023-01-22T09:00,5.3,68,0.00,1006.6,30,7.4
2023-01-22T10:00,7.2,68,0.00,1007.6,30,5.8
2023-01-22T11:00,9.2,59,0.00,1007.4,21,5.9
2023-01-22T12:00,10.5,53,0.00,1007.4,28,2.9
2023-01-22T13:00,11.3,49,0.00,1006.8,31,1.5
2023-01-22T14:00,11.7,47,0.00,1006.3,21,0.7
2023-01-22T15:00,11.7,48,0.00,1006.0,13,2.1
2023-01-22T16:00,11.4,53,0.00,1006.0,14,4.8
2023-01-22T17:00,9.4,79,0.00,1005.8,6,5.6
2023-01-22T18:00,9.5,68,0.00,1005.9,4,6.1
2023-01-22T19:00,9.0,73,0.00,1006.2,1,5.6
2023-01-22T20:00,8.1,77,0.00,1006.3,0,3.6
2023-01-22T21:00,3.7,90,0.00,1005.8,2,7.6
2023-01-22T22:00,3.3,89,0.00,1005.7,2,6.3
2023-01-22T23:00,2.6,89,0.00,1005.7,5,5.7
2023-01-23T00:00,2.2,91,0.00,1005.5,2,6.8
2023-01-23T01:00,1.7,89,0.00,1005.2,0,5.5
2023-01-23T02:00,1.0,88,0.00,1005.3,0,6.4
2023-01-23T03:00,0.7,87,0.00,1005.2,0,6.4
2023-01-23T04:00,0.4,86,0.00,1004.8,0,7.0
2023-01-23T05:00,0.2,86,0.00,1004.5,1,6.0
2023-01-23T06:00,-0.2,88,0.00,1003.8,1,5.8
2023-01-23T07:00,-0.4,89,0.00,1004.0,0,6.2
2023-01-23T08:00,-0.8,89,0.00,1004.1,1,6.1
2023-01-23T09:00,2.2,81,0.00,1004.4,0,5.9
2023-01-23T10:00,5.6,77,0.00,1004.9,0,3.0
2023-01-23T11:00,8.2,64,0.00,1004.8,0,2.8
2023-01-23T12:00,10.0,56,0.00,1004.3,3,4.2
2023-01-23T13:00,10.8,52,0.00,1003.4,3,2.9
2023-01-23T14:00,11.2,51,0.00,1002.6,8,2.7
2023-01-23T15:00,11.2,52,0.00,1002.1,2,5.4
2023-01-23T16:00,10.7,53,0.00,1001.7,0,6.9
2023-01-23T17:00,8.6,74,0.00,1001.4,0,6.1
2023-01-23T18:00,5.8,73,0.00,1001.2,0,7.9
2023-01-23T19:00,6.2,59,0.00,1001.5,0,10.7
2023-01-23T20:00,4.9,63,0.00,1001.8,0,9.8
2023-01-23T21:00,2.9,73,0.00,1001.8,0,7.1
2023-01-23T22:00,1.3,80,0.00,1001.8,0,7.2
2023-01-23T23:00,1.0,80,0.00,1002.2,0,7.3
2023-01-24T00:00,1.3,80,0.00,1002.3,0,10.5
2023-01-24T01:00,1.4,78,0.00,1002.0,0,6.6
2023-01-24T02:00,0.5,83,0.00,1002.3,0,6.8
2023-01-24T03:00,-0.9,86,0.00,1002.7,0,8.5
2023-01-24T04:00,-0.8,84,0.00,1002.6,0,7.9
2023-01-24T05:00,-1.1,84,0.00,1002.9,0,7.3
2023-01-24T06:00,-1.3,85,0.00,1002.6,0,6.6
2023-01-24T07:00,-1.3,84,0.00,1003.2,0,6.8
2023-01-24T08:00,-1.7,84,0.00,1003.5,0,7.7
2023-01-24T09:00,1.9,77,0.00,1004.3,0,6.5
2023-01-24T10:00,5.1,71,0.00,1004.9,2,4.4
2023-01-24T11:00,7.3,69,0.00,1005.0,0,2.5
2023-01-24T12:00,9.4,65,0.00,1003.9,0,4.8
2023-01-24T13:00,10.3,59,0.00,1003.2,0,4.4
2023-01-24T14:00,10.8,57,0.00,1002.7,4,5.2
2023-01-24T15:00,11.2,57,0.00,1002.3,31,4.4
2023-01-24T16:00,11.7,55,0.00,1002.5,90,1.1
2023-01-24T17:00,9.3,78,0.00,1002.5,89,6.5
2023-01-24T18:00,6.9,76,0.00,1002.9,30,7.8
2023-01-24T19:00,4.8,82,0.00,1003.2,2,8.3
2023-01-24T20:00,4.8,80,0.00,1003.7,6,7.2
2023-01-24T21:00,3.7,84,0.00,1004.0,5,6.9
2023-01-24T22:00,3.0,87,0.00,1004.4,0,6.6
2023-01-24T23:00,2.2,88,0.00,1004.7,0,6.4
2023-01-25T00:00,1.7,89,0.00,1004.7,0,8.4
2023-01-25T01:00,1.4,87,0.00,1004.6,0,7.5
2023-01-25T02:00,0.8,86,0.00,1004.7,0,8.5
2023-01-25T03:00,0.8,85,0.00,1005.1,0,8.3
2023-01-25T04:00,0.5,85,0.00,1005.0,0,8.4
2023-01-25T05:00,-0.1,85,0.00,1005.0,0,8.9
2023-01-25T06:00,-0.1,85,0.00,1005.3,0,8.2
2023-01-25T07:00,-0.2,84,0.00,1005.8,0,9.0
2023-01-25T08:00,-0.2,84,0.00,1006.3,0,9.0
2023-01-25T09:00,3.3,76,0.00,1007.1,0,5.2
2023-01-25T10:00,5.8,73,0.00,1007.6,0,3.5
2023-01-25T11:00,7.9,66,0.00,1007.7,0,3.9
2023-01-25T12:00,9.5,61,0.00,1007.7,0,3.6
2023-01-25T13:00,10.4,60,0.00,1006.8,0,7.1
2023-01-25T14:00,10.8,61,0.00,1006.2,0,8.7
2023-01-25T15:00,11.0,60,0.00,1005.9,0,7.1
2023-01-25T16:00,10.9,62,0.00,1005.9,0,6.0
2023-01-25T17:00,8.8,81,0.00,1005.9,0,5.6
2023-01-25T18:00,7.4,77,0.00,1005.8,0,7.2
2023-01-25T19:00,7.9,74,0.00,1006.1,0,5.6
2023-01-25T20:00,3.7,85,0.00,1006.3,0,8.3
2023-01-25T21:00,2.9,86,0.00,1006.4,0,7.4
2023-01-25T22:00,2.1,87,0.00,1006.0,0,6.4
2023-01-25T23:00,1.1,89,0.00,1005.6,2,6.2
2023-01-26T00:00,0.4,91,0.00,1005.2,5,8.1
2023-01-26T01:00,0.9,89,0.00,1005.0,0,6.1
2023-01-26T02:00,0.3,89,0.00,1004.4,1,6.9
2023-01-26T03:00,0.3,89,0.00,1004.1,20,6.8
2023-01-26T04:00,1.0,88,0.00,1003.7,31,8.9
2023-01-26T05:00,1.3,88,0.00,1003.3,27,8.6
2023-01-26T06:00,1.6,88,0.00,1003.0,64,7.1
2023-01-26T07:00,2.4,88,0.00,1003.0,51,6.9
2023-01-26T08:00,3.4,89,0.00,1002.9,43,7.4
2023-01-26T09:00,5.0,85,0.00,1003.2,45,9.3
2023-01-26T10:00,7.0,79,0.00,1002.7,10,9.8
2023-01-26T11:00,8.4,69,0.00,1002.8,22,12.4
2023-01-26T12:00,9.4,71,0.00,1001.3,35,7.3
2023-01-26T13:00,10.3,70,0.00,1000.1,59,10.0
2023-01-26T14:00,10.2,72,0.00,998.6,18,14.3
2023-01-26T15:00,11.0,66,0.00,998.2,15,13.7
2023-01-26T16:00,10.9,62,0.00,998.2,14,15.2
2023-01-26T17:00,9.6,66,0.00,998.4,2,9.7
2023-01-26T18:00,7.9,68,0.00,998.8,11,10.4
2023-01-26T19:00,6.8,74,0.00,999.1,2,9.4
2023-01-26T20:00,6.5,77,0.00,999.3,13,10.2
2023-01-26T21:00,6.0,80,0.00,999.9,12,9.0
2023-01-26T22:00,5.1,84,0.00,999.9,11,8.3
2023-01-26T23:00,4.9,86,0.00,1000.1,4,8.3
2023-01-27T00:00,3.5,89,0.00,999.7,20,11.2
2023-01-27T01:00,3.2,87,0.00,999.6,6,8.4
2023-01-27T02:00,3.5,86,0.00,999.5,5,7.6
2023-01-27T03:00,3.8,86,0.00,999.5,12,7.8
2023-01-27T04:00,3.4,86,0.00,999.4,5,7.2
2023-01-27T05:00,3.1,85,0.00,999.7,11,8.2
2023-01-27T06:00,3.3,86,0.00,999.7,7,8.4
2023-01-27T07:00,3.3,87,0.00,1000.1,4,7.6
2023-01-27T08:00,2.7,89,0.00,1000.2,4,8.3
2023-01-27T09:00,5.7,82,0.00,1000.9,14,7.2
2023-01-27T10:00,8.1,72,0.00,1001.6,7,11.2
2023-01-27T11:00,9.2,68,0.00,1001.5,1,12.2
2023-01-27T12:00,10.7,60,0.00,1000.7,4,15.2
2023-01-27T13:00,11.5,54,0.00,1000.0,2,15.6
2023-01-27T14:00,11.5,52,0.00,999.5,20,18.2
2023-01-27T15:00,11.4,50,0.00,999.3,25,18.6
2023-01-27T16:00,10.9,52,0.00,999.4,18,16.3
2023-01-27T17:00,9.5,57,0.00,999.8,4,12.3
2023-01-27T18:00,7.4,63,0.00,1000.0,3,12.3
2023-01-27T19:00,6.7,67,0.00,1000.6,0,12.6
2023-01-27T20:00,5.9,71,0.00,1001.1,0,11.9
2023-01-27T21:00,5.2,74,0.00,1001.4,0,10.8
2023-01-27T22:00,4.4,78,0.00,1001.5,1,10.1
2023-01-27T23:00,3.5,82,0.00,1001.7,1,8.3
2023-01-28T00:00,3.1,85,0.00,1001.5,4,7.6
2023-01-28T01:00,2.4,87,0.00,1001.1,4,7.6
2023-01-28T02:00,1.7,87,0.00,1001.3,20,8.0
2023-01-28T03:00,2.4,85,0.00,1001.4,2,6.8
2023-01-28T04:00,2.0,85,0.00,1001.6,2,7.2
2023-01-28T05:00,1.6,85,0.00,1001.8,0,7.6
2023-01-28T06:00,1.2,85,0.00,1001.7,1,7.6
2023-01-28T07:00,1.0,84,0.00,1002.1,0,7.2
2023-01-28T08:00,1.1,84,0.00,1002.5,0,7.8
2023-01-28T09:00,3.5,79,0.00,1003.1,0,10.8
2023-01-28T10:00,6.1,70,0.00,1003.4,1,10.5
2023-01-28T11:00,7.5,66,0.00,1003.4,0,7.6
2023-01-28T12:00,9.2,63,0.00,1002.8,0,8.4
2023-01-28T13:00,10.4,60,0.00,1002.0,0,9.4
2023-01-28T14:00,11.1,57,0.00,1001.2,0,10.5
2023-01-28T15:00,11.6,55,0.00,1000.8,0,11.5
2023-01-28T16:00,11.4,55,0.00,1000.7,0,11.7
2023-01-28T17:00,10.0,62,0.00,1000.9,0,8.3
2023-01-28T18:00,7.3,67,0.00,1001.1,0,9.5
2023-01-28T19:00,6.8,67,0.00,1001.8,1,11.4
2023-01-28T20:00,5.9,70,0.00,1002.1,3,11.6
2023-01-28T21:00,4.8,74,0.00,1002.4,1,9.4
2023-01-28T22:00,3.5,79,0.00,1002.5,1,7.6
2023-01-28T23:00,2.5,82,0.00,1002.7,0,6.7
2023-01-29T00:00,2.4,82,0.00,1002.2,0,7.6
2023-01-29T01:00,1.9,83,0.00,1001.8,0,7.4
2023-01-29T02:00,1.4,82,0.00,1001.7,0,7.9
2023-01-29T03:00,1.0,81,0.00,1001.8,0,8.1
2023-01-29T04:00,0.1,82,0.00,1001.6,0,8.9
2023-01-29T05:00,-0.4,84,0.00,1001.8,0,7.8
2023-01-29T06:00,-0.7,85,0.00,1002.2,0,7.1
2023-01-29T07:00,-0.9,84,0.00,1002.7,0,7.7
2023-01-29T08:00,-0.8,82,0.00,1003.1,0,7.4
2023-01-29T09:00,2.9,73,0.00,1003.8,0,6.8
2023-01-29T10:00,5.9,68,0.00,1004.2,0,4.6
2023-01-29T11:00,7.8,60,0.00,1004.3,0,5.4
2023-01-29T12:00,9.5,54,0.00,1004.1,0,5.1
2023-01-29T13:00,10.4,51,0.00,1003.2,0,5.4
2023-01-29T14:00,11.0,50,0.00,1002.2,8,2.9
2023-01-29T15:00,11.3,49,0.00,1001.9,11,1.0
2023-01-29T16:00,10.9,52,0.00,1001.8,11,4.3
2023-01-29T17:00,9.1,68,0.00,1002.4,10,5.4
2023-01-29T18:00,5.3,77,0.00,1002.4,0,9.7
2023-01-29T19:00,7.9,60,0.00,1003.0,0,6.9
2023-01-29T20:00,4.7,74,0.00,1003.1,0,6.1
2023-01-29T21:00,2.6,83,0.00,1003.3,4,6.4
2023-01-29T22:00,1.8,86,0.00,1003.6,0,5.1
2023-01-29T23:00,1.3,88,0.00,1004.0,1,5.4
2023-01-30T00:00,1.5,84,0.00,1004.4,0,7.6
2023-01-30T01:00,2.4,74,0.00,1004.2,0,8.3
2023-01-30T02:00,2.1,73,0.00,1004.5,0,7.9
2023-01-30T03:00,2.2,71,0.00,1004.6,0,9.1
2023-01-30T04:00,2.2,70,0.00,1004.6,0,8.7
2023-01-30T05:00,1.6,72,0.00,1004.7,0,7.9
2023-01-30T06:00,1.2,73,0.00,1004.8,0,7.6
2023-01-30T07:00,0.8,74,0.00,1005.1,0,7.6
2023-01-30T08:00,0.5,76,0.00,1005.5,0,8.0
2023-01-30T09:00,3.5,69,0.00,1006.4,0,8.6
2023-01-30T10:00,6.0,65,0.00,1006.8,0,8.0
2023-01-30T11:00,7.9,58,0.00,1007.1,1,10.3
2023-01-30T12:00,9.2,53,0.00,1007.2,2,9.0
2023-01-30T13:00,10.3,50,0.00,1006.5,0,7.2
2023-01-30T14:00,10.9,49,0.00,1005.8,0,4.3
2023-01-30T15:00,11.1,48,0.00,1005.5,0,1.8
2023-01-30T16:00,11.0,48,0.00,1005.7,0,0.8
2023-01-30T17:00,9.3,73,0.00,1006.1,0,4.8
2023-01-30T18:00,7.1,67,0.00,1006.4,0,7.9
2023-01-30T19:00,6.9,66,0.00,1006.9,0,6.0
2023-01-30T20:00,3.0,82,0.00,1006.6,0,6.3
2023-01-30T21:00,1.6,86,0.00,1006.9,0,5.8
2023-01-30T22:00,0.6,88,0.00,1007.1,0,5.4
2023-01-30T23:00,0.1,88,0.00,1007.3,0,5.2
2023-01-31T00:00,0.2,89,0.00,1007.5,0,6.5
2023-01-31T01:00,0.0,89,0.00,1007.4,0,5.2
2023-01-31T02:00,-0.4,90,0.00,1007.3,0,5.2
2023-01-31T03:00,-0.7,91,0.00,1007.1,0,5.4
2023-01-31T04:00,-1.1,91,0.00,1007.0,0,5.1
2023-01-31T05:00,-1.3,91,0.00,1007.0,0,5.1
2023-01-31T06:00,-1.7,91,0.00,1007.1,0,5.2
2023-01-31T07:00,-2.2,91,0.00,1007.4,0,5.2
2023-01-31T08:00,-2.3,91,0.00,1007.8,0,4.5
2023-01-31T09:00,1.1,85,0.00,1008.5,0,6.5
2023-01-31T10:00,5.4,76,0.00,1009.2,0,3.3
2023-01-31T11:00,8.5,64,0.00,1009.4,0,1.4
2023-01-31T12:00,10.3,54,0.00,1008.9,0,1.3
2023-01-31T13:00,11.5,51,0.00,1008.0,0,3.1
2023-01-31T14:00,12.2,53,0.00,1007.3,0,4.9
2023-01-31T15:00,12.5,56,0.00,1006.8,0,5.6
2023-01-31T16:00,12.4,57,0.00,1006.6,0,5.2
2023-01-31T17:00,10.8,73,0.00,1006.3,0,4.9
2023-01-31T18:00,10.5,62,0.00,1006.4,0,4.0
2023-01-31T19:00,9.0,66,0.00,1006.5,0,2.9
2023-01-31T20:00,7.6,71,0.00,1006.2,0,3.2
2023-01-31T21:00,2.7,88,0.00,1005.9,0,5.1
2023-01-31T22:00,2.0,90,0.00,1006.1,0,4.3
2023-01-31T23:00,1.1,92,0.00,1006.0,0,3.7
2023-02-01T00:00,1.2,92,0.00,1005.7,0,4.5
2023-02-01T01:00,1.0,91,0.00,1005.4,0,5.4
2023-02-01T02:00,1.3,87,0.00,1005.2,0,6.5
2023-02-01T03:00,1.7,83,0.00,1005.2,0,7.3
2023-02-01T04:00,2.3,80,0.00,1004.9,0,7.9
2023-02-01T05:00,3.3,76,0.00,1005.1,0,9.0
2023-02-01T06:00,3.9,76,0.00,1005.2,0,10.1
2023-02-01T07:00,3.9,77,0.00,1005.6,0,10.4
2023-02-01T08:00,3.8,77,0.00,1005.9,0,10.4
2023-02-01T09:00,5.6,74,0.00,1006.6,0,13.3
2023-02-01T10:00,8.0,70,0.00,1007.1,0,11.5
2023-02-01T11:00,9.8,64,0.00,1007.2,0,10.8
2023-02-01T12:00,11.5,57,0.00,1006.7,0,11.3
2023-02-01T13:00,12.5,53,0.00,1005.7,0,11.5
2023-02-01T14:00,13.0,51,0.00,1005.0,0,11.0
2023-02-01T15:00,13.2,51,0.00,1004.7,0,8.1
2023-02-01T16:00,13.0,53,0.00,1004.6,0,4.2
2023-02-01T17:00,12.6,54,0.00,1004.8,0,1.6
2023-02-01T18:00,11.1,62,0.00,1005.1,0,5.9
2023-02-01T19:00,9.9,69,0.00,1005.2,0,3.6
2023-02-01T20:00,4.9,84,0.00,1004.9,0,6.5
2023-02-01T21:00,3.6,85,0.00,1005.0,0,8.5
2023-02-01T22:00,3.5,82,0.00,1005.2,0,8.0
2023-02-01T23:00,3.4,82,0.00,1005.2,0,7.4
2023-02-02T00:00,3.9,81,0.00,1004.8,0,8.9
2023-02-02T01:00,4.6,76,0.00,1004.9,0,9.4
2023-02-02T02:00,4.4,75,0.00,1004.8,0,9.0
2023-02-02T03:00,4.1,74,0.00,1004.8,0,9.4
2023-02-02T04:00,3.9,72,0.00,1004.5,0,9.1
2023-02-02T05:00,3.6,71,0.00,1004.8,0,8.7
2023-02-02T06:00,3.3,70,0.00,1005.1,0,9.1
2023-02-02T07:00,3.6,65,0.00,1005.4,0,10.5
2023-02-02T08:00,4.0,62,0.00,1005.7,0,12.2
2023-02-02T09:00,6.0,59,0.00,1006.5,0,13.7
2023-02-02T10:00,8.5,59,0.00,1007.2,0,11.0
2023-02-02T11:00,10.5,54,0.00,1007.8,0,11.6
2023-02-02T12:00,12.0,53,0.00,1007.6,0,13.3
2023-02-02T13:00,13.0,52,0.00,1006.9,0,13.1
2023-02-02T14:00,13.6,51,0.00,1006.2,0,11.3
2023-02-02T15:00,14.0,50,0.00,1006.1,0,8.7
2023-02-02T16:00,13.8,52,0.00,1006.3,0,6.1
2023-02-02T17:00,13.4,52,0.00,1006.6,0,3.9
2023-02-02T18:00,12.2,55,0.00,1007.1,0,5.2
2023-02-02T19:00,6.8,74,0.00,1007.1,0,8.4
2023-02-02T20:00,5.0,76,0.00,1007.3,0,8.7
2023-02-02T21:00,4.0,76,0.00,1007.4,0,8.3
2023-02-02T22:00,3.1,79,0.00,1007.6,0,8.3
2023-02-02T23:00,2.5,81,0.00,1007.9,0,8.3
2023-02-03T00:00,2.3,83,0.00,1007.7,0,10.6
2023-02-03T01:00,1.9,83,0.00,1007.7,0,8.6
2023-02-03T02:00,1.4,83,0.00,1007.7,0,8.6
2023-02-03T03:00,0.9,83,0.00,1007.8,0,8.4
2023-02-03T04:00,0.7,83,0.00,1007.6,0,7.6
2023-02-03T05:00,0.5,84,0.00,1007.5,0,6.8
2023-02-03T06:00,0.2,86,0.00,1007.5,0,6.5
2023-02-03T07:00,-0.1,86,0.00,1007.8,0,6.5
2023-02-03T08:00,0.0,86,0.00,1008.2,0,5.4
2023-02-03T09:00,3.6,79,0.00,1009.0,0,7.6
2023-02-03T10:00,7.8,72,0.00,1009.7,0,4.3
2023-02-03T11:00,11.1,69,0.00,1010.2,0,1.1
2023-02-03T12:00,13.3,61,0.00,1010.3,0,1.0
2023-02-03T13:00,14.9,57,0.00,1009.7,0,0.7
2023-02-03T14:00,15.6,52,0.00,1009.2,0,2.9
2023-02-03T15:00,15.8,49,0.00,1008.9,0,4.8
2023-02-03T16:00,15.4,51,0.00,1008.7,0,5.2
2023-02-03T17:00,14.0,64,0.00,1008.7,0,5.1
2023-02-03T18:00,13.6,60,0.00,1008.9,0,4.2
2023-02-03T19:00,11.8,67,0.00,1009.1,0,3.7
2023-02-03T20:00,9.5,72,0.00,1009.0,0,5.3
2023-02-03T21:00,6.8,78,0.00,1009.0,0,6.2
2023-02-03T22:00,4.6,83,0.00,1009.1,0,7.1
2023-02-03T23:00,3.0,86,0.00,1009.1,0,7.5
2023-02-04T00:00,2.9,86,0.00,1009.0,0,7.5
2023-02-04T01:00,2.2,85,0.00,1008.7,0,5.2
2023-02-04T02:00,1.3,85,0.00,1008.5,0,4.8
2023-02-04T03:00,0.7,85,0.00,1008.8,0,4.8
2023-02-04T04:00,0.2,87,0.00,1008.5,0,5.2
2023-02-04T05:00,-0.0,88,0.00,1008.5,0,5.2
2023-02-04T06:00,-0.1,88,0.00,1008.6,0,5.2
2023-02-04T07:00,-0.4,89,0.00,1008.6,0,5.2
2023-02-04T08:00,-0.3,88,0.00,1008.9,0,4.7
2023-02-04T09:00,3.6,80,0.00,1009.4,0,5.8
2023-02-04T10:00,8.5,74,0.00,1010.0,0,3.0
2023-02-04T11:00,12.1,67,0.00,1010.4,0,0.4
2023-02-04T12:00,13.9,53,0.00,1010.7,0,2.5
2023-02-04T13:00,15.3,51,0.00,1010.1,0,3.4
2023-02-04T14:00,16.2,48,0.00,1009.5,0,5.5
2023-02-04T15:00,16.4,47,0.00,1009.2,0,6.7
2023-02-04T16:00,16.3,53,0.00,1009.4,0,4.8
2023-02-04T17:00,15.1,63,0.00,1009.3,0,5.1
2023-02-04T18:00,14.4,60,0.00,1009.4,0,3.9
2023-02-04T19:00,12.4,67,0.00,1009.2,0,3.8
2023-02-04T20:00,8.1,79,0.00,1008.8,0,5.6
2023-02-04T21:00,4.9,88,0.00,1008.7,0,6.8
2023-02-04T22:00,3.9,89,0.00,1008.7,0,5.2
2023-02-04T23:00,2.4,90,0.00,1008.7,0,4.4
2023-02-05T00:00,2.1,88,0.00,1008.6,0,4.0
2023-02-05T01:00,1.9,85,0.00,1008.4,0,4.1
2023-02-05T02:00,1.6,85,0.00,1008.3,0,4.8
2023-02-05T03:00,1.6,84,0.00,1008.3,0,5.8
2023-02-05T04:00,2.4,77,0.00,1008.1,0,7.6
2023-02-05T05:00,3.4,69,0.00,1008.2,0,8.7
2023-02-05T06:00,4.3,62,0.00,1008.2,0,8.7
2023-02-05T07:00,4.8,59,0.00,1008.5,0,9.4
2023-02-05T08:00,5.9,54,0.00,1009.0,0,11.3
2023-02-05T09:00,7.8,54,0.00,1009.4,0,13.3
2023-02-05T10:00,10.2,55,0.00,1009.5,0,11.2
2023-02-05T11:00,12.3,53,0.00,1009.4,0,11.2
2023-02-05T12:00,14.1,44,0.00,1008.7,0,10.4
2023-02-05T13:00,15.4,42,0.00,1007.7,0,8.4
2023-02-05T14:00,16.4,42,0.00,1006.8,0,6.9
2023-02-05T15:00,16.6,41,0.00,1006.3,0,5.4
2023-02-05T16:00,15.8,47,0.00,1006.1,0,6.2
2023-02-05T17:00,13.1,59,0.00,1006.1,0,6.1
2023-02-05T18:00,8.7,63,0.00,1006.1,0,9.8
2023-02-05T19:00,8.0,60,0.00,1006.4,0,9.0
2023-02-05T20:00,7.3,61,0.00,1006.5,0,8.8
2023-02-05T21:00,7.1,62,0.00,1006.5,0,9.0
2023-02-05T22:00,7.9,60,0.00,1006.0,0,10.4
2023-02-05T23:00,7.3,62,0.00,1005.9,0,10.2
2023-02-06T00:00,5.7,68,0.00,1005.5,0,11.9
2023-02-06T01:00,5.3,66,0.00,1005.2,0,9.2
2023-02-06T02:00,3.8,69,0.00,1004.7,0,11.3
2023-02-06T03:00,3.8,65,0.00,1004.5,1,10.1
2023-02-06T04:00,4.4,60,0.00,1004.0,0,8.8
2023-02-06T05:00,3.9,62,0.00,1003.7,10,9.4
2023-02-06T06:00,2.3,69,0.00,1003.2,0,11.5
2023-02-06T07:00,1.9,69,0.00,1002.9,10,10.9
2023-02-06T08:00,1.7,71,0.00,1002.8,1,9.5
2023-02-06T09:00,6.2,62,0.00,1003.1,0,6.9
2023-02-06T10:00,9.3,63,0.00,1003.1,1,7.8
2023-02-06T11:00,11.8,53,0.00,1002.6,0,8.0
2023-02-06T12:00,14.0,48,0.00,1001.1,0,0.0
2023-02-06T13:00,15.1,45,0.00,1000.0,0,1.3
2023-02-06T14:00,15.6,45,0.00,998.8,0,2.0
2023-02-06T15:00,16.2,43,0.00,998.1,0,2.3
2023-02-06T16:00,16.2,40,0.00,997.9,0,2.9
2023-02-06T17:00,14.0,53,0.00,997.9,0,6.0
2023-02-06T18:00,11.8,44,0.00,998.0,0,11.0
2023-02-06T19:00,9.9,48,0.00,998.2,0,10.0
2023-02-06T20:00,9.1,46,0.00,998.5,0,11.6
2023-02-06T21:00,8.5,46,0.00,998.6,0,11.5
2023-02-06T22:00,7.9,49,0.00,998.7,0,11.9
2023-02-06T23:00,7.6,50,0.00,998.9,0,12.2
2023-02-07T00:00,7.1,50,0.00,998.8,0,11.6
2023-02-07T01:00,6.9,52,0.00,999.0,0,12.6
2023-02-07T02:00,6.2,55,0.00,999.1,0,11.9
2023-02-07T03:00,5.4,60,0.00,999.3,0,10.1
2023-02-07T04:00,5.0,62,0.00,999.3,0,10.4
2023-02-07T05:00,4.6,65,0.00,999.2,0,11.6
2023-02-07T06:00,4.2,67,0.00,998.9,0,10.9
2023-02-07T07:00,4.0,68,0.00,999.3,0,11.3
2023-02-07T08:00,3.9,69,0.00,999.5,0,10.3
2023-02-07T09:00,6.0,67,0.00,999.8,0,11.8
2023-02-07T10:00,8.4,64,0.00,999.4,0,6.3
2023-02-07T11:00,10.3,59,0.00,999.0,0,5.2
2023-02-07T12:00,12.5,53,0.00,998.5,0,5.1
2023-02-07T13:00,13.5,46,0.00,997.4,0,6.8
2023-02-07T14:00,14.0,43,0.00,996.4,0,5.4
2023-02-07T15:00,14.3,42,0.00,995.6,0,2.6
2023-02-07T16:00,14.0,45,0.00,995.1,0,3.4
2023-02-07T17:00,12.3,69,0.00,994.6,2,4.1
2023-02-07T18:00,11.1,66,0.00,994.5,8,6.6
2023-02-07T19:00,10.6,67,0.00,994.5,7,4.4
2023-02-07T20:00,5.8,84,0.00,994.2,7,7.9
2023-02-07T21:00,5.3,81,0.00,994.1,1,6.5
2023-02-07T22:00,4.7,78,0.00,994.1,4,7.6
2023-02-07T23:00,5.8,70,0.10,994.5,64,11.4
2023-02-08T00:00,8.1,56,0.30,994.9,60,21.3
2023-02-08T01:00,7.6,58,0.00,995.5,60,24.0
2023-02-08T02:00,6.9,61,0.00,995.8,49,21.5
2023-02-08T03:00,6.6,63,0.00,996.0,7,20.5
2023-02-08T04:00,6.2,66,0.00,996.2,4,19.8
2023-02-08T05:00,6.4,65,0.00,996.6,9,19.1
2023-02-08T06:00,6.3,65,0.00,997.2,9,18.7
2023-02-08T07:00,6.1,66,0.00,997.9,8,17.7
2023-02-08T08:00,5.9,72,0.90,998.8,43,17.4
2023-02-08T09:00,7.3,67,0.00,999.2,12,20.2
2023-02-08T10:00,9.1,63,0.00,999.9,2,16.2
2023-02-08T11:00,10.6,59,0.00,1000.7,11,16.2
2023-02-08T12:00,11.3,51,0.00,1000.7,0,20.6
2023-02-08T13:00,12.6,50,0.00,1000.4,1,18.4
2023-02-08T14:00,13.3,50,0.00,1000.1,51,15.1
2023-02-08T15:00,13.5,49,0.00,999.9,57,11.6
2023-02-08T16:00,13.5,50,0.00,1000.1,10,11.6
2023-02-08T17:00,12.5,56,0.00,1000.3,0,8.4
2023-02-08T18:00,10.3,58,0.00,1000.5,0,10.1
2023-02-08T19:00,9.1,61,0.00,1000.9,0,9.5
2023-02-08T20:00,8.6,60,0.00,1001.3,0,11.6
2023-02-08T21:00,8.7,57,0.00,1001.9,0,13.2
2023-02-08T22:00,8.4,56,0.00,1002.1,0,12.7
2023-02-08T23:00,7.5,60,0.00,1002.2,0,9.1
2023-02-09T00:00,7.5,60,0.00,1002.6,0,11.1
2023-02-09T01:00,7.8,59,0.00,1002.8,0,10.6
2023-02-09T02:00,6.6,64,0.00,1003.0,0,8.0
2023-02-09T03:00,5.0,72,0.00,1003.4,0,8.6
2023-02-09T04:00,4.5,75,0.00,1003.5,0,7.7
2023-02-09T05:00,4.3,77,0.00,1003.9,0,7.6
2023-02-09T06:00,3.9,79,0.00,1004.2,0,7.6
2023-02-09T07:00,3.7,79,0.00,1004.7,0,7.6
2023-02-09T08:00,4.3,76,0.00,1005.4,0,8.3
2023-02-09T09:00,7.6,68,0.00,1006.5,0,10.9
2023-02-09T10:00,10.3,64,0.00,1007.2,0,9.8
2023-02-09T11:00,12.0,55,0.00,1007.7,0,13.7
2023-02-09T12:00,13.9,48,0.00,1007.5,0,15.2
2023-02-09T13:00,14.3,47,0.00,1007.0,0,16.6
2023-02-09T14:00,14.6,46,0.00,1006.8,0,14.5
2023-02-09T15:00,14.6,43,0.00,1006.6,0,12.8
2023-02-09T16:00,14.1,44,0.00,1006.7,0,11.5
2023-02-09T17:00,12.7,53,0.00,1007.1,0,7.6
2023-02-09T18:00,9.3,57,0.00,1007.3,0,8.0
2023-02-09T19:00,7.9,57,0.00,1007.7,0,8.0
2023-02-09T20:00,6.7,59,0.00,1008.0,0,8.0
2023-02-09T21:00,6.0,59,0.00,1008.7,0,8.3
2023-02-09T22:00,5.3,61,0.00,1009.2,0,8.1
2023-02-09T23:00,5.2,60,0.00,1009.7,0,9.4
2023-02-10T00:00,6.2,56,0.00,1009.7,0,10.5
2023-02-10T01:00,6.1,55,0.00,1009.6,0,11.4
2023-02-10T02:00,5.8,56,0.00,1009.4,0,11.2
2023-02-10T03:00,5.9,55,0.00,1009.0,0,12.6
2023-02-10T04:00,5.7,55,0.00,1008.6,0,13.0
2023-02-10T05:00,5.4,57,0.00,1008.7,0,11.9
2023-02-10T06:00,5.1,59,0.00,1008.8,0,11.6
2023-02-10T07:00,5.1,59,0.00,1009.1,0,12.6
2023-02-10T08:00,5.1,61,0.00,1009.5,0,12.3
2023-02-10T09:00,6.9,61,0.00,1010.7,0,13.8
2023-02-10T10:00,9.2,57,0.00,1011.0,0,13.0
2023-02-10T11:00,10.8,52,0.00,1010.6,0,16.4
2023-02-10T12:00,11.9,47,0.00,1009.7,0,18.2
2023-02-10T13:00,12.7,45,0.00,1008.9,0,16.6
2023-02-10T14:00,13.5,43,0.00,1008.1,0,14.7
2023-02-10T15:00,13.7,43,0.00,1007.5,0,13.5
2023-02-10T16:00,13.4,45,0.00,1007.2,0,11.5
2023-02-10T17:00,12.3,60,0.00,1006.7,0,5.1
2023-02-10T18:00,8.2,65,0.00,1006.4,0,9.9
2023-02-10T19:00,6.5,68,0.00,1006.7,0,10.9
2023-02-10T20:00,5.7,67,0.00,1006.9,0,10.9
2023-02-10T21:00,5.5,64,0.00,1007.4,0,9.4
2023-02-10T22:00,6.1,61,0.00,1007.5,0,9.1
2023-02-10T23:00,5.6,62,0.00,1007.7,0,9.0
2023-02-11T00:00,4.9,66,0.00,1007.1,0,11.2
2023-02-11T01:00,5.8,59,0.00,1007.1,0,9.7
2023-02-11T02:00,5.5,60,0.00,1006.9,0,10.4
2023-02-11T03:00,5.0,62,0.00,1006.5,0,9.7
2023-02-11T04:00,4.2,65,0.00,1006.1,0,9.0
2023-02-11T05:00,4.2,63,0.00,1005.7,0,9.7
2023-02-11T06:00,4.1,63,0.00,1005.5,0,10.5
2023-02-11T07:00,4.0,64,0.00,1005.6,0,10.5
2023-02-11T08:00,4.1,64,0.00,1006.0,0,11.7
2023-02-11T09:00,6.4,60,0.00,1006.6,0,16.3
2023-02-11T10:00,8.6,56,0.00,1006.7,0,16.9
2023-02-11T11:00,10.0,51,0.00,1006.6,0,20.0
2023-02-11T12:00,10.7,46,0.00,1005.9,0,20.0
2023-02-11T13:00,11.9,42,0.00,1005.1,0,18.1
2023-02-11T14:00,12.8,40,0.00,1004.2,0,16.5
2023-02-11T15:00,13.3,41,0.00,1003.8,0,15.6
2023-02-11T16:00,13.1,43,0.00,1003.7,0,14.8
2023-02-11T17:00,11.9,49,0.00,1003.9,0,10.3
2023-02-11T18:00,8.3,59,0.00,1003.9,0,7.9
2023-02-11T19:00,6.2,65,0.00,1004.1,0,9.4
2023-02-11T20:00,5.7,65,0.00,1004.0,0,8.6
2023-02-11T21:00,5.8,65,0.00,1004.3,2,8.1
2023-02-11T22:00,6.0,64,0.00,1004.4,19,10.1
2023-02-11T23:00,6.6,59,0.00,1004.6,17,11.9
2023-02-12T00:00,5.8,60,0.00,1004.5,5,10.1
2023-02-12T01:00,5.7,61,0.00,1004.4,1,9.9
2023-02-12T02:00,5.0,64,0.00,1004.3,0,9.3
2023-02-12T03:00,5.6,60,0.00,1004.2,7,10.9
2023-02-12T04:00,5.9,58,0.00,1003.9,26,11.5
2023-02-12T05:00,6.5,55,0.00,1003.9,30,13.3
2023-02-12T06:00,6.9,54,0.00,1003.9,30,15.1
2023-02-12T07:00,6.8,54,0.00,1004.1,30,15.9
2023-02-12T08:00,6.5,57,0.00,1004.4,23,16.3
2023-02-12T09:00,7.8,58,0.00,1005.0,30,18.4
2023-02-12T10:00,9.3,59,0.00,1005.0,32,16.6
2023-02-12T11:00,10.9,54,0.00,1005.0,64,19.2
2023-02-12T12:00,13.0,47,0.00,1004.7,29,21.4
2023-02-12T13:00,13.7,45,0.00,1004.3,39,20.6
2023-02-12T14:00,14.1,44,0.00,1003.8,42,19.3
2023-02-12T15:00,14.1,44,0.00,1003.4,54,17.3
2023-02-12T16:00,13.9,45,0.00,1003.4,55,15.4
2023-02-12T17:00,12.9,51,0.00,1003.5,79,10.5
2023-02-12T18:00,11.2,54,0.00,1003.5,76,9.2
2023-02-12T19:00,10.0,56,0.00,1003.6,22,10.1
2023-02-12T20:00,9.1,59,0.00,1003.7,25,9.5
2023-02-12T21:00,8.6,61,0.00,1004.0,30,9.3
2023-02-12T22:00,9.2,59,0.00,1004.3,85,9.4
2023-02-12T23:00,9.7,57,0.00,1004.5,50,9.3
2023-02-13T00:00,8.7,57,0.00,1004.5,46,10.0
2023-02-13T01:00,9.1,57,0.00,1004.7,65,10.5
2023-02-13T02:00,8.6,61,0.00,1004.6,80,9.1
2023-02-13T03:00,10.0,57,0.00,1004.6,72,11.3
2023-02-13T04:00,10.1,56,0.00,1004.5,74,11.6
2023-02-13T05:00,10.0,57,0.00,1004.6,82,12.8
2023-02-13T06:00,10.2,56,0.00,1004.7,78,13.5
2023-02-13T07:00,10.6,54,0.00,1004.8,68,13.7
2023-02-13T08:00,10.8,55,0.00,1005.0,18,13.9
2023-02-13T09:00,11.2,58,0.00,1005.8,23,15.6
2023-02-13T10:00,12.9,58,0.00,1006.1,29,15.6
2023-02-13T11:00,14.0,53,0.00,1006.2,10,19.0
2023-02-13T12:00,15.6,49,0.00,1006.1,26,19.0
2023-02-13T13:00,16.3,47,0.00,1005.5,16,18.8
2023-02-13T14:00,16.7,46,0.00,1004.9,17,16.9
2023-02-13T15:00,16.7,47,0.00,1004.3,15,14.9
2023-02-13T16:00,16.3,50,0.00,1004.1,8,14.1
2023-02-13T17:00,15.2,57,0.00,1004.0,11,10.6
2023-02-13T18:00,13.0,62,0.00,1003.9,21,9.3
2023-02-13T19:00,11.5,66,0.00,1004.3,31,8.2
2023-02-13T20:00,9.7,73,0.00,1004.3,34,7.8
2023-02-13T21:00,8.6,75,0.00,1004.3,21,7.6
2023-02-13T22:00,7.8,78,0.00,1004.3,14,7.0
2023-02-13T23:00,7.2,80,0.00,1004.0,26,6.9
2023-02-14T00:00,6.6,81,0.00,1003.7,13,10.2
2023-02-14T01:00,8.2,70,0.00,1003.6,22,8.1
2023-02-14T02:00,8.6,66,0.00,1003.2,6,9.2
2023-02-14T03:00,8.9,61,0.00,1002.7,14,10.0
2023-02-14T04:00,9.1,58,0.00,1002.2,22,10.4
2023-02-14T05:00,9.4,57,0.00,1002.1,43,11.8
2023-02-14T06:00,9.4,57,0.00,1002.0,26,13.2
2023-02-14T07:00,9.4,58,0.00,1002.1,21,13.8
2023-02-14T08:00,9.5,60,0.00,1002.0,22,13.8
2023-02-14T09:00,11.3,58,0.00,1002.3,26,16.2
2023-02-14T10:00,13.1,58,0.00,1002.2,34,16.1
2023-02-14T11:00,14.0,53,0.00,1002.1,16,20.0
2023-02-14T12:00,15.4,49,0.00,1001.5,8,20.5
2023-02-14T13:00,16.2,47,0.00,1000.3,0,19.4
2023-02-14T14:00,16.6,47,0.00,999.0,2,18.5
2023-02-14T15:00,16.6,48,0.00,998.4,17,18.4
2023-02-14T16:00,16.2,51,0.00,997.9,30,17.9
2023-02-14T17:00,15.3,57,0.00,997.8,31,13.3
2023-02-14T18:00,13.2,63,0.00,997.9,51,9.2
2023-02-14T19:00,12.8,64,0.00,998.5,100,9.3
2023-02-14T20:00,12.8,61,0.00,998.8,100,9.7
2023-02-14T21:00,12.5,58,0.00,998.8,6,12.5
2023-02-14T22:00,11.5,62,0.00,998.6,13,12.4
2023-02-14T23:00,11.1,62,0.00,998.7,8,12.7
2023-02-15T00:00,10.5,64,0.00,999.1,14,10.5
2023-02-15T01:00,10.4,64,0.00,999.3,13,9.7
2023-02-15T02:00,10.0,65,0.00,999.3,32,9.4
2023-02-15T03:00,9.9,64,0.00,999.6,39,9.4
2023-02-15T04:00,9.9,64,0.00,999.8,56,9.4
2023-02-15T05:00,10.0,63,0.00,1000.1,39,10.5
2023-02-15T06:00,9.6,65,0.00,1000.4,4,10.9
2023-02-15T07:00,9.0,68,0.00,1000.9,9,9.1
2023-02-15T08:00,8.9,70,0.00,1001.6,25,8.4
2023-02-15T09:00,11.4,65,0.00,1002.6,21,10.1
2023-02-15T10:00,13.9,61,0.00,1003.1,0,8.4
2023-02-15T11:00,15.8,52,0.00,1003.6,0,11.3
2023-02-15T12:00,17.2,46,0.00,1003.9,0,9.3
2023-02-15T13:00,17.9,45,0.00,1003.5,0,7.2
2023-02-15T14:00,18.3,44,0.00,1003.2,0,2.2
2023-02-15T15:00,18.3,44,0.00,1003.1,0,3.1
2023-02-15T16:00,18.3,45,0.00,1003.0,4,3.2
2023-02-15T17:00,17.2,59,0.00,1002.9,0,4.3
2023-02-15T18:00,13.5,70,0.00,1003.1,4,6.9
2023-02-15T19:00,12.2,75,0.00,1003.9,1,7.2
2023-02-15T20:00,10.7,82,0.00,1004.5,30,7.8
2023-02-15T21:00,9.4,86,0.00,1004.7,0,8.0
2023-02-15T22:00,8.6,88,0.00,1005.1,0,7.6
2023-02-15T23:00,7.7,89,0.00,1005.2,0,6.1
2023-02-16T00:00,6.9,91,0.00,1005.3,11,6.1
2023-02-16T01:00,6.4,92,0.00,1005.0,22,4.9
2023-02-16T02:00,5.7,93,0.00,1004.7,19,4.5
2023-02-16T03:00,5.3,93,0.00,1004.7,29,5.0
2023-02-16T04:00,4.9,94,0.00,1004.5,30,4.6
2023-02-16T05:00,4.9,93,0.00,1004.6,30,4.6
2023-02-16T06:00,4.6,94,0.00,1004.6,28,4.6
2023-02-16T07:00,4.2,94,0.00,1005.0,4,4.0
2023-02-16T08:00,4.7,93,0.00,1005.4,2,4.0
2023-02-16T09:00,8.3,85,0.00,1006.4,2,3.9
2023-02-16T10:00,12.6,73,0.00,1006.8,0,1.9
2023-02-16T11:00,15.4,62,0.00,1007.2,0,0.5
2023-02-16T12:00,16.8,55,0.00,1007.0,0,1.5
2023-02-16T13:00,17.9,51,0.00,1006.4,0,1.8
2023-02-16T14:00,18.3,50,0.00,1005.6,0,3.4
2023-02-16T15:00,18.4,49,0.00,1005.1,0,5.3
2023-02-16T16:00,18.1,50,0.00,1004.8,1,6.4
2023-02-16T17:00,17.0,65,0.00,1004.9,0,4.1
2023-02-16T18:00,16.1,63,0.00,1005.0,0,6.3
2023-02-16T19:00,15.1,67,0.00,1005.2,0,4.7
2023-02-16T20:00,10.3,84,0.00,1005.0,0,6.8
2023-02-16T21:00,9.2,87,0.00,1005.3,0,6.4
2023-02-16T22:00,8.5,88,0.00,1005.5,0,5.3
2023-02-16T23:00,7.2,91,0.00,1005.3,0,6.5
2023-02-17T00:00,6.7,92,0.00,1005.3,0,7.0
2023-02-17T01:00,6.7,87,0.00,1005.3,0,7.0
2023-02-17T02:00,6.7,81,0.00,1005.2,0,6.8
2023-02-17T03:00,6.3,79,0.00,1005.2,0,7.2
2023-02-17T04:00,5.8,78,0.00,1005.0,0,8.0
2023-02-17T05:00,5.5,76,0.00,1005.2,0,7.9
2023-02-17T06:00,5.4,74,0.00,1005.3,0,7.9
2023-02-17T07:00,5.5,72,0.00,1005.5,0,7.9
2023-02-17T08:00,6.6,70,0.00,1005.8,0,7.2
2023-02-17T09:00,10.6,61,0.00,1006.7,0,7.9
2023-02-17T10:00,13.6,58,0.00,1006.9,0,5.2
2023-02-17T11:00,16.0,51,0.00,1006.9,0,4.8
2023-02-17T12:00,18.3,43,0.00,1006.0,0,6.2
2023-02-17T13:00,19.4,39,0.00,1005.3,0,6.5
2023-02-17T14:00,19.9,35,0.00,1004.4,0,6.5
2023-02-17T15:00,20.0,34,0.00,1003.7,0,7.6
2023-02-17T16:00,19.8,37,0.00,1003.5,0,7.6
2023-02-17T17:00,18.2,59,0.00,1003.6,0,4.7
2023-02-17T18:00,15.7,49,0.00,1003.6,0,8.3
2023-02-17T19:00,11.6,61,0.00,1003.6,0,10.1
2023-02-17T20:00,9.8,64,0.00,1003.7,0,8.4
2023-02-17T21:00,9.1,65,0.00,1004.0,0,7.3
2023-02-17T22:00,8.3,67,0.00,1004.2,0,7.8
2023-02-17T23:00,8.1,64,0.00,1004.1,0,7.9
2023-02-18T00:00,7.9,65,0.00,1003.6,0,11.4
2023-02-18T01:00,8.1,60,0.00,1003.6,0,8.9
2023-02-18T02:00,7.5,61,0.00,1003.6,0,9.0
2023-02-18T03:00,6.8,62,0.00,1003.4,0,9.5
2023-02-18T04:00,6.9,60,0.00,1003.2,0,8.8
2023-02-18T05:00,7.1,58,0.00,1003.0,0,8.4
2023-02-18T06:00,7.3,57,0.00,1003.2,0,8.8
2023-02-18T07:00,6.9,59,0.00,1003.3,0,8.3
2023-02-18T08:00,7.8,59,0.00,1003.7,0,8.5
2023-02-18T09:00,11.4,54,0.00,1004.6,0,9.7
2023-02-18T10:00,14.3,50,0.00,1004.9,0,9.0
2023-02-18T11:00,16.1,43,0.00,1004.9,0,12.3
2023-02-18T12:00,17.6,38,0.00,1004.8,0,12.8
2023-02-18T13:00,18.3,38,0.00,1004.4,0,13.4
2023-02-18T14:00,18.6,37,0.00,1003.7,4,11.6
2023-02-18T15:00,18.6,38,0.00,1003.1,17,7.8
2023-02-18T16:00,18.3,41,0.00,1002.9,10,8.4
2023-02-18T17:00,17.0,54,0.00,1002.6,2,6.5
2023-02-18T18:00,13.5,66,0.00,1002.8,46,6.9
2023-02-18T19:00,10.8,82,0.00,1003.2,59,8.7
2023-02-18T20:00,12.7,71,0.00,1003.8,30,2.5
2023-02-18T21:00,10.4,81,0.00,1003.7,32,5.8
2023-02-18T22:00,9.6,82,0.00,1003.8,30,6.8
2023-02-18T23:00,9.3,80,0.00,1003.5,23,6.6
2023-02-19T00:00,8.8,83,0.00,1003.0,12,7.1
2023-02-19T01:00,8.0,84,0.00,1002.6,6,4.2
2023-02-19T02:00,7.0,87,0.00,1002.3,7,5.2
2023-02-19T03:00,6.5,88,0.00,1002.0,13,5.5
2023-02-19T04:00,6.1,87,0.00,1001.5,20,5.4
2023-02-19T05:00,6.3,83,0.00,1001.3,17,5.8
2023-02-19T06:00,6.3,79,0.00,1001.3,4,6.2
2023-02-19T07:00,6.3,75,0.00,1001.4,6,6.6
2023-02-19T08:00,7.6,71,0.00,1002.0,11,5.8
2023-02-19T09:00,11.7,61,0.00,1002.9,14,9.7
2023-02-19T10:00,14.6,57,0.00,1002.8,50,8.8
2023-02-19T11:00,16.7,49,0.00,1002.9,41,9.5
2023-02-19T12:00,17.7,48,0.00,1002.2,5,8.0
2023-02-19T13:00,19.2,45,0.00,1001.6,18,6.5
2023-02-19T14:00,19.8,43,0.00,1000.9,14,7.9
2023-02-19T15:00,19.9,43,0.00,1000.1,11,7.2
2023-02-19T16:00,19.8,44,0.00,999.8,14,7.8
2023-02-19T17:00,18.7,61,0.00,999.6,9,4.0
2023-02-19T18:00,14.6,71,0.00,999.6,0,8.1
2023-02-19T19:00,16.3,62,0.00,1000.2,2,2.2
2023-02-19T20:00,13.1,73,0.00,1000.0,30,4.6
2023-02-19T21:00,10.1,83,0.00,999.6,29,7.3
2023-02-19T22:00,9.2,84,0.00,999.2,11,6.4
2023-02-19T23:00,8.6,83,0.00,999.1,8,6.4
2023-02-20T00:00,8.2,81,0.00,999.0,33,8.9
2023-02-20T01:00,9.0,74,0.00,998.5,53,7.1
2023-02-20T02:00,9.6,70,0.00,998.3,36,8.7
2023-02-20T03:00,9.9,68,0.00,997.9,47,7.9
2023-02-20T04:00,10.1,68,0.00,997.4,31,7.5
2023-02-20T05:00,8.3,75,0.00,997.4,42,9.7
2023-02-20T06:00,9.7,67,0.00,997.5,41,8.3
2023-02-20T07:00,8.9,70,0.00,997.7,38,8.3
2023-02-20T08:00,8.8,75,0.00,997.8,37,9.6
2023-02-20T09:00,13.2,61,0.00,998.6,41,7.0
2023-02-20T10:00,15.5,59,0.00,998.9,42,10.0
2023-02-20T11:00,17.1,50,0.00,998.9,32,12.6
2023-02-20T12:00,19.0,45,0.00,998.3,30,12.2
2023-02-20T13:00,19.6,47,0.00,997.5,35,7.7
2023-02-20T14:00,19.7,46,0.00,997.0,32,9.7
2023-02-20T15:00,19.1,50,0.00,996.8,47,10.4
2023-02-20T16:00,18.1,60,0.00,996.6,83,8.0
2023-02-20T17:00,16.8,70,0.00,996.6,88,4.7
2023-02-20T18:00,14.8,74,0.00,996.3,36,5.5
2023-02-20T19:00,14.4,76,0.00,996.5,40,5.3
2023-02-20T20:00,12.4,86,0.00,997.2,92,7.5
2023-02-20T21:00,11.0,90,0.20,996.9,84,6.0
2023-02-20T22:00,10.2,91,0.00,996.9,90,6.6
2023-02-20T23:00,10.2,91,0.00,997.0,83,6.0
2023-02-21T00:00,10.5,94,0.00,996.6,41,6.5
2023-02-21T01:00,10.0,93,0.00,996.3,24,4.4
2023-02-21T02:00,9.9,92,0.70,996.4,89,4.7
2023-02-21T03:00,9.4,92,0.00,995.9,35,6.2
2023-02-21T04:00,8.3,92,0.00,995.3,14,7.2
2023-02-21T05:00,8.9,91,0.00,995.8,17,7.9
2023-02-21T06:00,8.9,91,0.00,995.8,34,6.3
2023-02-21T07:00,7.5,93,0.00,995.6,15,5.9
2023-02-21T08:00,7.8,93,0.00,995.9,8,4.0
2023-02-21T09:00,10.2,90,0.00,996.6,2,5.9
2023-02-21T10:00,12.9,81,0.00,997.3,13,4.9
2023-02-21T11:00,14.2,74,0.10,997.7,55,8.7
2023-02-21T12:00,15.0,74,0.20,997.6,19,7.7
2023-02-21T13:00,14.8,76,0.30,997.2,100,10.0
2023-02-21T14:00,13.2,84,0.40,996.6,100,9.6
2023-02-21T15:00,13.2,84,0.30,996.1,44,13.5
2023-02-21T16:00,13.4,82,0.10,996.3,100,11.2
2023-02-21T17:00,12.7,83,0.20,996.4,63,11.9
2023-02-21T18:00,11.9,88,0.10,996.7,35,6.6
2023-02-21T19:00,10.3,95,0.00,997.4,31,5.2
2023-02-21T20:00,9.3,97,0.00,997.7,90,5.4
2023-02-21T21:00,8.2,98,0.00,997.9,89,6.4
2023-02-21T22:00,8.4,99,0.00,998.1,66,5.2
2023-02-21T23:00,9.5,98,0.00,998.2,42,3.3
2023-02-22T00:00,10.1,97,0.00,997.9,93,3.6
2023-02-22T01:00,10.2,97,0.00,997.7,50,2.6
2023-02-22T02:00,9.9,98,0.00,997.4,97,1.9
2023-02-22T03:00,9.4,99,0.00,997.2,95,2.2
2023-02-22T04:00,8.8,100,0.00,997.2,98,2.3
2023-02-22T05:00,9.1,99,0.10,997.2,92,2.2
2023-02-22T06:00,9.5,98,0.00,997.2,92,2.5
2023-02-22T07:00,9.3,99,0.00,997.4,92,1.8
2023-02-22T08:00,9.4,99,0.00,997.8,100,3.3
2023-02-22T09:00,10.2,96,0.00,998.3,100,3.2
2023-02-22T10:00,11.2,85,0.00,998.5,100,2.7
2023-02-22T11:00,11.8,80,0.00,998.6,100,3.5
2023-02-22T12:00,13.5,81,0.10,998.0,100,5.2
2023-02-22T13:00,14.0,75,0.10,997.5,100,8.6
2023-02-22T14:00,13.1,81,0.90,997.0,65,9.8
2023-02-22T15:00,13.6,80,0.00,996.6,100,10.8
2023-02-22T16:00,13.2,75,0.10,996.3,22,12.5
2023-02-22T17:00,13.0,74,0.10,996.1,26,12.7
2023-02-22T18:00,11.5,78,0.00,996.2,34,16.9
2023-02-22T19:00,9.9,78,0.00,996.6,70,16.5
2023-02-22T20:00,9.8,76,0.00,996.7,67,15.0
2023-02-22T21:00,9.5,73,0.00,996.7,63,17.6
2023-02-22T22:00,8.8,74,0.00,996.7,6,16.8
2023-02-22T23:00,7.2,79,0.00,996.3,1,16.3
2023-02-23T00:00,6.4,85,0.00,996.3,48,16.3
2023-02-23T01:00,6.4,83,0.00,996.1,48,13.8
2023-02-23T02:00,6.1,81,0.00,995.7,52,12.9
2023-02-23T03:00,5.9,82,0.10,995.4,50,13.7
2023-02-23T04:00,5.6,82,0.10,995.0,60,12.6
2023-02-23T05:00,4.5,87,0.00,994.6,58,11.1
2023-02-23T06:00,4.1,87,0.00,994.2,47,13.0
2023-02-23T07:00,3.6,87,0.00,994.4,0,9.3
2023-02-23T08:00,3.8,86,0.00,994.6,0,7.2
2023-02-23T09:00,5.8,79,0.00,995.2,11,9.2
2023-02-23T10:00,7.5,71,0.00,994.8,7,12.0
2023-02-23T11:00,9.1,60,0.00,994.7,28,15.6
2023-02-23T12:00,9.4,58,0.10,993.7,15,14.8
2023-02-23T13:00,10.1,53,0.00,992.8,19,14.5
2023-02-23T14:00,10.4,53,0.00,991.8,19,15.2
2023-02-23T15:00,10.4,46,0.00,991.1,22,17.2
2023-02-23T16:00,9.5,53,0.00,991.0,39,18.5
2023-02-23T17:00,8.8,57,0.00,990.9,38,15.2
2023-02-23T18:00,7.3,67,0.00,990.8,16,9.7
2023-02-23T19:00,4.6,81,0.00,990.7,4,6.6
2023-02-23T20:00,3.6,86,0.00,990.5,0,7.7
2023-02-23T21:00,2.9,86,0.00,990.5,0,7.9
2023-02-23T22:00,2.2,87,0.00,990.5,0,8.8
2023-02-23T23:00,2.8,82,0.00,990.4,0,7.1
2023-02-24T00:00,4.1,77,0.00,990.7,0,4.7
2023-02-24T01:00,2.7,81,0.00,990.2,0,5.0
2023-02-24T02:00,0.9,86,0.00,989.6,0,7.3
2023-02-24T03:00,3.0,77,0.00,989.3,0,4.7
2023-02-24T04:00,0.5,84,0.00,988.9,0,5.8
2023-02-24T05:00,-0.5,87,0.00,988.9,0,6.8
2023-02-24T06:00,-1.1,88,0.00,988.4,0,6.1
2023-02-24T07:00,-1.8,90,0.00,988.3,0,5.4
2023-02-24T08:00,-0.1,87,0.00,988.7,0,4.3
2023-02-24T09:00,3.6,80,0.00,989.2,0,4.4
2023-02-24T10:00,6.7,68,0.00,989.6,0,3.3
2023-02-24T11:00,8.3,60,0.00,989.5,0,5.0
2023-02-24T12:00,9.4,57,0.00,989.1,0,6.5
2023-02-24T13:00,10.2,54,0.00,988.3,0,5.9
2023-02-24T14:00,10.5,53,0.20,987.8,24,7.2
2023-02-24T15:00,10.3,53,0.30,987.3,57,8.5
2023-02-24T16:00,9.9,55,0.10,987.0,28,9.4
2023-02-24T17:00,9.1,59,0.00,986.8,1,8.2
2023-02-24T18:00,6.6,75,0.00,986.5,0,5.4
2023-02-24T19:00,4.0,85,0.00,986.5,0,8.0
2023-02-24T20:00,5.7,74,0.00,986.8,0,6.2
2023-02-24T21:00,5.1,76,0.00,986.9,0,2.7
2023-02-24T22:00,4.6,79,0.00,986.9,0,1.5
2023-02-24T23:00,4.1,81,0.00,986.9,0,3.8
2023-02-25T00:00,3.3,84,0.00,986.8,83,4.4
2023-02-25T01:00,2.2,87,0.00,986.3,37,6.4
2023-02-25T02:00,3.9,79,0.00,986.0,90,3.1
2023-02-25T03:00,3.1,82,0.00,985.6,90,4.3
2023-02-25T04:00,2.6,86,0.40,984.9,91,6.0
2023-02-25T05:00,3.2,83,0.00,985.0,100,5.5
2023-02-25T06:00,2.4,89,0.00,984.8,100,6.8
2023-02-25T07:00,3.7,84,0.30,985.0,100,5.0
2023-02-25T08:00,4.0,88,0.70,984.9,100,7.3
2023-02-25T09:00,4.6,85,0.10,985.1,100,8.8
2023-02-25T10:00,5.2,85,0.00,985.0,100,7.6
2023-02-25T11:00,6.1,81,0.00,985.1,100,7.0
2023-02-25T12:00,7.1,83,0.00,984.9,100,9.2
2023-02-25T13:00,7.3,82,0.20,984.3,100,10.2
2023-02-25T14:00,7.7,82,0.10,983.9,100,8.9
2023-02-25T15:00,8.3,79,0.10,983.7,100,9.0
2023-02-25T16:00,8.9,77,0.00,983.8,60,9.4
2023-02-25T17:00,9.1,77,0.40,983.9,82,10.5
2023-02-25T18:00,7.9,84,0.00,984.4,18,7.0
2023-02-25T19:00,6.7,89,0.00,984.3,24,5.3
2023-02-25T20:00,3.7,94,0.00,984.6,52,8.1
2023-02-25T21:00,4.5,93,0.00,985.0,48,6.1
2023-02-25T22:00,4.4,92,0.00,985.6,40,5.5
2023-02-25T23:00,3.5,93,0.00,985.7,0,6.2
2023-02-26T00:00,2.5,94,0.00,986.0,17,5.4
2023-02-26T01:00,2.7,93,0.00,986.3,17,4.4
2023-02-26T02:00,2.3,92,0.00,986.7,1,4.8
2023-02-26T03:00,1.9,92,0.00,986.4,0,4.7
2023-02-26T04:00,1.6,92,0.00,986.6,2,4.8
2023-02-26T05:00,1.1,92,0.00,986.9,1,5.2
2023-02-26T06:00,0.8,92,0.00,987.4,0,4.9
2023-02-26T07:00,0.4,93,0.00,988.1,1,4.6
2023-02-26T08:00,1.3,91,0.00,988.8,3,4.1
2023-02-26T09:00,4.6,86,0.00,989.8,2,4.8
2023-02-26T10:00,8.1,80,0.00,990.3,0,1.4
2023-02-26T11:00,10.4,67,0.00,990.7,0,1.4
2023-02-26T12:00,11.8,63,0.00,990.6,1,3.3
2023-02-26T13:00,12.8,59,0.00,990.2,0,3.8
2023-02-26T14:00,13.3,55,0.00,989.5,0,4.4
2023-02-26T15:00,13.9,52,0.00,989.3,10,2.6
2023-02-26T16:00,14.2,51,0.00,989.0,22,6.8
2023-02-26T17:00,13.4,56,0.00,989.2,3,8.6
2023-02-26T18:00,10.3,68,0.00,989.3,0,6.9
2023-02-26T19:00,8.7,65,0.00,989.8,0,9.1
2023-02-26T20:00,7.9,65,0.00,990.1,0,9.2
2023-02-26T21:00,6.2,72,0.00,990.3,0,7.9
2023-02-26T22:00,4.2,82,0.00,990.2,0,7.7
2023-02-26T23:00,2.7,87,0.00,990.4,0,7.4
2023-02-27T00:00,2.6,89,0.00,990.4,0,9.0
2023-02-27T01:00,3.2,85,0.00,990.7,7,8.3
2023-02-27T02:00,4.9,72,0.00,991.3,29,8.8
2023-02-27T03:00,5.9,62,0.00,991.4,9,13.4
2023-02-27T04:00,5.4,60,0.00,991.4,0,15.5
2023-02-27T05:00,4.6,60,0.00,992.0,0,14.2
2023-02-27T06:00,3.9,61,0.00,992.5,2,11.2
2023-02-27T07:00,2.9,63,0.00,993.2,0,8.4
2023-02-27T08:00,3.6,63,0.00,994.1,0,8.3
2023-02-27T09:00,6.1,58,0.00,994.9,2,8.6
2023-02-27T10:00,7.9,53,0.00,995.2,0,10.5
2023-02-27T11:00,9.4,49,0.00,995.5,0,10.8
2023-02-27T12:00,10.8,46,0.00,995.6,0,6.9
2023-02-27T13:00,11.5,45,0.00,995.3,2,3.4
2023-02-27T14:00,12.0,43,0.00,994.7,8,2.1
2023-02-27T15:00,12.3,43,0.00,994.3,10,5.2
2023-02-27T16:00,12.1,44,0.00,994.3,64,5.9
2023-02-27T17:00,11.4,51,0.00,994.4,55,9.7
2023-02-27T18:00,8.8,66,0.00,994.6,1,6.5
2023-02-27T19:00,5.6,72,0.00,994.9,0,8.0
2023-02-27T20:00,6.2,55,0.00,995.5,0,11.3
2023-02-27T21:00,4.4,60,0.00,996.1,5,7.4
2023-02-27T22:00,2.8,67,0.00,996.7,29,6.6
2023-02-27T23:00,2.5,67,0.00,997.4,15,8.4
2023-02-28T00:00,4.0,54,0.00,997.5,11,10.7
2023-02-28T01:00,4.3,47,0.00,998.2,0,11.9
2023-02-28T02:00,3.5,48,0.00,998.5,2,10.1
2023-02-28T03:00,2.9,50,0.00,998.7,5,9.3
2023-02-28T04:00,2.4,52,0.00,998.8,16,9.0
2023-02-28T05:00,1.6,56,0.00,999.2,26,7.7
2023-02-28T06:00,0.4,64,0.00,999.9,14,6.6
2023-02-28T07:00,-0.4,71,0.00,1000.7,2,6.6
2023-02-28T08:00,1.3,69,0.00,1001.4,0,6.5
2023-02-28T09:00,4.4,61,0.00,1002.0,0,6.1
2023-02-28T10:00,6.8,54,0.00,1002.2,0,6.1
2023-02-28T11:00,8.5,49,0.00,1002.1,0,4.8
2023-02-28T12:00,9.6,43,0.00,1001.6,0,5.5
2023-02-28T13:00,10.6,39,0.00,1000.8,0,4.9
2023-02-28T14:00,11.2,38,0.00,1000.0,0,2.5
2023-02-28T15:00,11.5,38,0.00,999.5,0,7.0
2023-02-28T16:00,11.6,37,0.00,999.1,15,8.0
2023-02-28T17:00,11.5,40,0.00,998.8,14,6.6
2023-02-28T18:00,9.1,49,0.00,998.6,5,11.4
2023-02-28T19:00,7.4,49,0.00,999.5,0,16.5
2023-02-28T20:00,6.3,53,0.00,999.8,0,13.8
2023-02-28T21:00,5.3,57,0.00,999.7,0,14.3
2023-02-28T22:00,4.5,59,0.00,999.7,0,12.6
2023-02-28T23:00,3.3,65,0.00,1000.1,0,8.0
2023-03-01T00:00,2.3,69,0.00,999.6,0,8.3
2023-03-01T01:00,2.2,69,0.00,999.4,0,9.0
2023-03-01T02:00,1.6,72,0.00,999.3,0,7.6
2023-03-01T03:00,1.0,75,0.00,998.6,0,7.7
2023-03-01T04:00,0.3,79,0.00,997.7,0,6.4
2023-03-01T05:00,-0.4,81,0.00,997.5,0,6.4
2023-03-01T06:00,-1.3,83,0.00,997.5,0,7.6
2023-03-01T07:00,-1.6,83,0.00,997.9,0,6.8
2023-03-01T08:00,0.8,77,0.00,999.1,0,5.4
2023-03-01T09:00,3.9,68,0.00,999.6,0,5.9
2023-03-01T10:00,6.4,59,0.00,999.2,0,5.4
2023-03-01T11:00,8.1,51,0.00,998.5,0,3.8
2023-03-01T12:00,9.4,45,0.00,997.9,0,5.7
2023-03-01T13:00,10.3,43,0.00,997.1,0,7.9
2023-03-01T14:00,10.7,43,0.00,996.1,1,8.2
2023-03-01T15:00,11.1,43,0.00,995.4,2,8.6
2023-03-01T16:00,10.9,44,0.00,995.1,7,13.2
2023-03-01T17:00,9.7,53,0.00,995.2,13,14.4
2023-03-01T18:00,8.1,61,0.00,995.4,20,11.4
2023-03-01T19:00,6.1,71,0.00,995.7,1,9.2
2023-03-01T20:00,4.9,78,0.00,995.8,6,7.4
2023-03-01T21:00,3.8,82,0.00,995.7,2,6.8
2023-03-01T22:00,2.5,85,0.00,995.9,8,7.4
2023-03-01T23:00,1.7,86,0.00,995.9,0,6.6
2023-03-02T00:00,1.6,86,0.00,995.6,0,6.8
2023-03-02T01:00,0.8,87,0.00,995.5,0,5.8
2023-03-02T02:00,0.1,87,0.00,995.4,2,6.3
2023-03-02T03:00,-0.6,86,0.00,995.2,0,7.4
2023-03-02T04:00,-0.7,85,0.00,995.1,0,6.7
2023-03-02T05:00,-0.9,85,0.00,995.4,0,6.2
2023-03-02T06:00,-1.4,87,0.00,995.9,0,6.1
2023-03-02T07:00,-1.5,87,0.00,996.5,0,5.4
2023-03-02T08:00,0.6,82,0.00,997.1,0,8.0
2023-03-02T09:00,4.9,72,0.00,998.2,0,5.8
2023-03-02T10:00,8.3,60,0.00,998.6,0,6.0
2023-03-02T11:00,10.2,49,0.00,998.7,0,8.2
2023-03-02T12:00,11.5,43,0.00,998.5,0,9.2
2023-03-02T13:00,12.4,42,0.00,997.9,2,8.7
2023-03-02T14:00,12.9,41,0.00,997.4,0,6.3
2023-03-02T15:00,13.2,41,0.00,997.2,0,3.3
2023-03-02T16:00,13.1,42,0.00,997.2,0,3.2
2023-03-02T17:00,12.7,45,0.00,997.2,0,4.8
2023-03-02T18:00,9.5,64,0.00,997.5,0,6.2
2023-03-02T19:00,6.3,77,0.00,998.0,13,7.6
2023-03-02T20:00,4.3,85,0.00,998.2,26,9.3
2023-03-02T21:00,6.7,72,0.00,998.8,26,6.8
2023-03-02T22:00,6.4,73,0.00,999.2,16,4.6
2023-03-02T23:00,5.9,74,0.00,999.2,26,3.8
2023-03-03T00:00,5.2,76,0.00,998.9,27,6.0
2023-03-03T01:00,3.4,78,0.00,998.3,16,7.6
2023-03-03T02:00,1.6,83,0.00,997.6,62,8.0
2023-03-03T03:00,1.1,86,0.00,997.2,50,5.9
2023-03-03T04:00,0.1,89,0.00,996.9,0,4.9
2023-03-03T05:00,-0.5,91,0.00,997.0,5,4.5
2023-03-03T06:00,-0.9,92,0.00,996.9,13,4.5
2023-03-03T07:00,-1.1,91,0.00,997.3,4,5.2
2023-03-03T08:00,1.7,83,0.00,997.7,31,5.5
2023-03-03T09:00,6.3,73,0.00,998.3,4,4.2
2023-03-03T10:00,10.0,63,0.00,998.7,8,1.3
2023-03-03T11:00,11.9,51,0.00,998.8,10,0.4
2023-03-03T12:00,12.8,45,0.00,998.2,0,1.8
2023-03-03T13:00,13.7,44,0.00,997.7,0,3.3
2023-03-03T14:00,14.1,44,0.00,996.9,0,4.6
2023-03-03T15:00,14.2,45,0.00,996.7,1,6.9
2023-03-03T16:00,13.8,48,0.00,996.4,0,8.4
2023-03-03T17:00,12.8,55,0.00,996.4,2,10.0
2023-03-03T18:00,10.2,72,0.00,996.5,0,6.4
2023-03-03T19:00,6.8,84,0.00,996.1,0,7.9
2023-03-03T20:00,8.7,73,0.00,996.4,0,3.3
2023-03-03T21:00,8.0,76,0.00,996.4,0,1.1
2023-03-03T22:00,4.3,88,0.00,996.6,0,6.2
2023-03-03T23:00,2.9,92,0.00,996.8,0,6.4
2023-03-04T00:00,3.0,92,0.00,997.0,0,5.4
2023-03-04T01:00,2.3,91,0.00,996.7,0,3.8
2023-03-04T02:00,1.8,88,0.00,996.5,0,5.7
2023-03-04T03:00,2.5,78,0.00,996.3,0,7.2
2023-03-04T04:00,4.1,66,0.00,996.4,0,9.0
2023-03-04T05:00,5.1,62,0.00,996.6,0,11.2
2023-03-04T06:00,5.2,62,0.00,996.7,0,12.3
2023-03-04T07:00,5.1,64,0.00,996.9,0,12.6
2023-03-04T08:00,6.4,62,0.00,997.4,0,13.7
2023-03-04T09:00,9.1,59,0.00,997.9,0,11.5
2023-03-04T10:00,11.3,53,0.00,998.1,0,13.6
2023-03-04T11:00,13.0,47,0.00,997.9,0,15.7
2023-03-04T12:00,14.5,44,0.00,997.3,0,15.2
2023-03-04T13:00,15.4,42,0.00,996.6,0,14.2
2023-03-04T14:00,16.1,38,0.00,995.9,0,12.3
2023-03-04T15:00,16.3,36,0.00,995.3,0,10.2
2023-03-04T16:00,16.3,35,0.00,995.0,0,9.4
2023-03-04T17:00,15.7,47,0.00,995.0,0,4.1
2023-03-04T18:00,14.0,46,0.00,994.9,0,4.5
2023-03-04T19:00,10.6,64,0.00,995.1,4,7.6
2023-03-04T20:00,9.1,74,0.00,995.1,1,5.1
2023-03-04T21:00,6.2,89,0.00,995.4,2,6.8
2023-03-04T22:00,5.0,91,0.00,995.3,3,5.9
2023-03-04T23:00,4.7,89,0.00,995.1,30,7.3
2023-03-05T00:00,5.1,85,0.00,995.0,58,6.6
2023-03-05T01:00,5.5,82,0.00,994.7,90,5.8
2023-03-05T02:00,6.5,75,0.20,994.4,90,5.2
2023-03-05T03:00,6.1,80,0.10,993.4,90,5.4
2023-03-05T04:00,6.8,75,0.00,992.7,94,8.3
2023-03-05T05:00,7.8,68,0.00,992.4,92,8.0
2023-03-05T06:00,8.1,67,0.10,992.4,100,7.3
2023-03-05T07:00,8.2,69,0.40,992.4,100,10.0
2023-03-05T08:00,8.3,72,0.20,992.2,100,12.4
2023-03-05T09:00,8.7,73,0.20,992.1,100,12.9
2023-03-05T10:00,8.7,81,0.90,991.7,100,11.6
2023-03-05T11:00,9.6,76,0.10,991.5,100,14.1
2023-03-05T12:00,10.3,70,0.00,991.7,100,14.7
2023-03-05T13:00,11.2,66,0.00,991.2,100,13.6
2023-03-05T14:00,10.6,73,0.60,990.6,100,12.5
2023-03-05T15:00,10.0,78,0.30,990.0,100,11.8
2023-03-05T16:00,9.7,79,0.10,989.5,97,13.5
2023-03-05T17:00,9.9,78,0.00,988.9,100,12.8
2023-03-05T18:00,9.6,78,0.70,988.7,100,12.0
2023-03-05T19:00,8.5,84,1.40,988.9,100,8.9
2023-03-05T20:00,8.5,82,0.10,989.2,100,11.8
2023-03-05T21:00,8.5,84,0.00,989.2,100,11.3
2023-03-05T22:00,8.3,85,0.70,989.3,100,10.4
2023-03-05T23:00,7.9,88,0.60,989.2,100,9.5
2023-03-06T00:00,8.8,91,0.70,988.6,100,10.2
2023-03-06T01:00,9.4,94,0.80,988.5,100,9.8
2023-03-06T02:00,9.8,96,0.80,988.5,100,10.5
2023-03-06T03:00,9.8,96,1.30,988.5,100,13.7
2023-03-06T04:00,10.0,96,0.40,988.1,100,13.3
2023-03-06T05:00,9.9,96,0.10,988.5,100,14.1
2023-03-06T06:00,9.9,95,0.00,988.5,94,10.2
2023-03-06T07:00,9.6,96,0.10,988.5,100,9.6
2023-03-06T08:00,10.2,94,0.00,988.7,100,9.7
2023-03-06T09:00,11.1,89,0.00,989.1,100,11.5
2023-03-06T10:00,11.8,85,0.20,989.1,100,11.6
2023-03-06T11:00,11.5,87,0.50,989.1,100,9.3
2023-03-06T12:00,12.1,89,0.30,988.7,100,6.5
2023-03-06T13:00,12.4,90,0.40,988.2,100,7.4
2023-03-06T14:00,13.0,85,0.60,987.7,100,10.4
2023-03-06T15:00,12.6,91,0.70,986.9,100,9.1
2023-03-06T16:00,12.3,91,0.20,986.3,84,6.5
2023-03-06T17:00,12.7,89,0.10,986.0,100,6.6
2023-03-06T18:00,12.1,92,0.00,985.7,100,4.3
2023-03-06T19:00,11.6,93,0.10,985.5,100,5.4
2023-03-06T20:00,11.6,93,0.10,985.5,100,5.5
2023-03-06T21:00,11.6,92,0.00,985.6,100,5.9
2023-03-06T22:00,11.6,92,0.10,985.5,100,8.0
2023-03-06T23:00,11.8,92,0.10,985.3,100,10.5
2023-03-07T00:00,11.5,98,3.20,985.4,100,17.1
2023-03-07T01:00,11.4,94,0.10,985.5,100,18.7
2023-03-07T02:00,11.0,94,0.50,985.9,100,17.8
2023-03-07T03:00,11.2,95,0.60,986.0,100,19.8
2023-03-07T04:00,11.3,93,0.30,986.1,100,21.1
2023-03-07T05:00,11.0,91,0.10,986.6,56,17.3
2023-03-07T06:00,10.6,92,0.10,986.9,53,13.7
2023-03-07T07:00,10.3,93,0.20,987.4,26,9.9
2023-03-07T08:00,10.5,92,0.10,987.9,96,9.2
2023-03-07T09:00,11.8,85,0.10,988.7,88,13.5
2023-03-07T10:00,13.0,77,0.10,988.9,100,14.3
2023-03-07T11:00,13.3,74,0.10,989.1,100,18.0
2023-03-07T12:00,13.8,74,0.10,989.7,100,18.4
2023-03-07T13:00,14.1,71,0.10,989.6,100,19.5
2023-03-07T14:00,14.5,70,0.10,988.7,100,19.6
2023-03-07T15:00,14.9,66,0.20,988.7,100,22.8
2023-03-07T16:00,13.9,76,0.00,988.4,100,21.6
2023-03-07T17:00,13.8,78,0.00,988.4,100,19.3
2023-03-07T18:00,13.3,80,0.00,988.1,100,15.5
2023-03-07T19:00,12.9,82,0.00,987.9,81,14.2
2023-03-07T20:00,12.3,86,0.00,988.3,74,12.3
2023-03-07T21:00,12.4,88,0.50,988.0,100,14.5
2023-03-07T22:00,13.0,93,0.90,987.6,100,15.5
2023-03-07T23:00,12.9,95,1.00,987.0,100,13.0
2023-03-08T00:00,13.2,92,1.60,986.8,100,18.1
2023-03-08T01:00,13.1,97,0.10,986.6,99,18.5
2023-03-08T02:00,13.3,95,0.50,986.6,100,22.9
2023-03-08T03:00,12.5,99,0.10,986.5,100,19.1
2023-03-08T04:00,12.5,98,0.20,986.0,100,18.6
2023-03-08T05:00,12.6,99,1.30,985.6,100,20.2
2023-03-08T06:00,12.7,97,2.00,985.4,100,23.3
2023-03-08T07:00,12.8,96,1.90,985.6,100,20.6
2023-03-08T08:00,12.8,96,5.00,985.2,100,23.7
2023-03-08T09:00,12.8,96,1.60,985.5,100,26.6
2023-03-08T10:00,13.3,96,1.60,985.8,100,24.4
2023-03-08T11:00,13.2,97,6.90,986.0,100,23.9
2023-03-08T12:00,13.2,97,4.40,986.1,100,25.5
2023-03-08T13:00,13.5,99,2.40,986.6,100,20.3
2023-03-08T14:00,14.0,97,2.10,986.7,100,18.9
2023-03-08T15:00,13.5,99,2.20,986.9,100,14.0
2023-03-08T16:00,13.7,97,1.20,987.1,100,12.7
2023-03-08T17:00,14.0,98,0.40,987.1,100,12.3
2023-03-08T18:00,13.8,98,0.80,987.3,100,12.0
2023-03-08T19:00,13.2,100,0.50,987.6,100,12.3
2023-03-08T20:00,13.4,99,0.60,988.2,100,15.9
2023-03-08T21:00,13.3,98,0.20,988.4,100,16.6
2023-03-08T22:00,13.4,97,0.20,988.5,100,17.9
2023-03-08T23:00,13.2,99,0.20,988.4,100,16.6
2023-03-09T00:00,12.3,100,0.30,988.1,100,12.2
2023-03-09T01:00,12.4,99,0.40,988.1,100,12.6
2023-03-09T02:00,12.4,100,0.60,988.0,100,13.8
2023-03-09T03:00,12.4,94,0.50,987.8,100,18.1
2023-03-09T04:00,11.8,99,0.10,987.5,100,10.1
2023-03-09T05:00,11.8,100,0.10,987.4,100,14.8
2023-03-09T06:00,12.0,94,0.20,987.3,100,18.6
2023-03-09T07:00,11.5,100,3.90,987.5,100,17.7
2023-03-09T08:00,11.4,99,6.80,987.6,100,18.3
2023-03-09T09:00,11.9,97,3.30,988.5,100,23.3
2023-03-09T10:00,11.9,98,5.20,988.9,100,19.6
2023-03-09T11:00,13.8,91,0.40,990.0,99,23.0
2023-03-09T12:00,14.6,80,1.50,990.8,95,26.8
2023-03-09T13:00,14.8,81,0.30,991.3,89,25.7
2023-03-09T14:00,15.2,81,0.10,992.1,94,26.4
2023-03-09T15:00,14.9,74,0.20,992.5,90,25.7
2023-03-09T16:00,14.1,79,0.60,992.7,86,23.6
2023-03-09T17:00,13.4,83,0.30,993.8,100,23.3
2023-03-09T18:00,13.3,89,0.10,994.1,100,16.7
2023-03-09T19:00,12.9,89,0.10,994.6,68,17.4
2023-03-09T20:00,12.9,87,0.10,995.0,100,14.0
2023-03-09T21:00,12.7,91,0.50,995.7,100,17.3
2023-03-09T22:00,12.9,97,0.20,996.1,100,19.2
2023-03-09T23:00,12.9,96,0.40,996.5,100,17.9
2023-03-10T00:00,12.4,97,0.50,997.0,100,13.5
2023-03-10T01:00,12.3,97,0.10,997.2,100,13.1
2023-03-10T02:00,12.2,97,0.10,997.2,100,9.7
2023-03-10T03:00,12.2,98,0.10,997.2,100,9.0
2023-03-10T04:00,12.1,98,0.00,997.2,100,8.9
2023-03-10T05:00,12.0,99,0.00,997.3,97,8.9
2023-03-10T06:00,12.1,100,0.00,997.6,91,10.1
2023-03-10T07:00,12.1,99,0.00,998.2,100,13.3
2023-03-10T08:00,12.3,98,0.10,998.5,97,14.0
2023-03-10T09:00,13.0,92,0.30,999.4,94,17.6
2023-03-10T10:00,13.1,91,0.20,1000.2,96,16.8
2023-03-10T11:00,13.8,85,0.10,1000.4,100,17.4
2023-03-10T12:00,14.5,85,0.20,1001.2,100,21.8
2023-03-10T13:00,15.0,82,0.20,1001.2,100,22.3
2023-03-10T14:00,14.9,82,0.10,1001.0,100,20.4
2023-03-10T15:00,15.0,80,0.10,1001.0,100,19.6
2023-03-10T16:00,15.0,78,0.00,1001.0,100,18.9
2023-03-10T17:00,14.4,82,0.10,1000.6,100,17.9
2023-03-10T18:00,13.9,86,0.00,1000.3,100,13.7
2023-03-10T19:00,13.6,88,0.10,1000.4,100,12.6
2023-03-10T20:00,13.5,90,0.20,1000.9,100,12.0
2023-03-10T21:00,13.6,92,0.20,1001.1,100,11.7
2023-03-10T22:00,13.5,95,0.40,1001.2,100,14.1
2023-03-10T23:00,13.3,96,0.40,1000.8,100,14.2
2023-03-11T00:00,13.7,98,0.20,1000.7,100,15.8
2023-03-11T01:00,13.8,98,0.60,1000.6,90,14.3
2023-03-11T02:00,13.3,98,0.30,1000.6,100,17.2
2023-03-11T03:00,12.6,97,0.10,1000.6,96,12.5
2023-03-11T04:00,12.5,98,0.20,1000.1,93,12.2
2023-03-11T05:00,12.7,98,0.30,1000.0,92,12.8
2023-03-11T06:00,12.5,98,0.10,1000.1,100,13.9
2023-03-11T07:00,12.4,96,0.40,1000.1,100,13.8
2023-03-11T08:00,12.7,96,0.20,1000.3,100,15.0
2023-03-11T09:00,13.5,93,0.00,1000.5,100,14.7
2023-03-11T10:00,13.7,93,0.40,1000.9,100,19.1
2023-03-11T11:00,13.4,95,0.70,1001.4,100,16.2
2023-03-11T12:00,14.7,92,0.10,1001.3,100,18.1
2023-03-11T13:00,15.3,86,0.10,1001.3,100,17.6
2023-03-11T14:00,15.4,87,0.10,1000.8,100,18.6
2023-03-11T15:00,16.0,84,0.20,1000.6,100,18.1
2023-03-11T16:00,15.6,88,0.10,1000.7,91,15.8
2023-03-11T17:00,15.5,85,0.10,1000.8,100,14.5
2023-03-11T18:00,14.8,88,0.00,1000.9,62,12.5
2023-03-11T19:00,13.7,95,0.00,1001.4,75,8.0
2023-03-11T20:00,13.1,97,0.00,1002.0,96,7.5
2023-03-11T21:00,13.0,97,0.00,1002.2,100,6.9
2023-03-11T22:00,12.9,96,0.00,1002.1,95,6.9
2023-03-11T23:00,12.9,96,0.00,1002.0,100,6.0
2023-03-12T00:00,13.4,95,0.00,1001.2,100,7.6
2023-03-12T01:00,13.5,95,0.00,1001.2,100,7.3
2023-03-12T02:00,13.4,95,0.00,1001.1,100,7.4
2023-03-12T03:00,13.5,95,0.00,1000.4,100,8.7
2023-03-12T04:00,13.5,95,0.00,999.8,100,9.1
2023-03-12T05:00,13.5,95,0.00,999.5,100,9.2
2023-03-12T06:00,13.4,94,0.00,999.5,100,8.6
2023-03-12T07:00,13.4,93,0.00,999.3,100,7.2
2023-03-12T08:00,13.7,90,0.10,999.2,100,8.9
2023-03-12T09:00,14.3,85,0.10,999.6,100,11.9
2023-03-12T10:00,14.7,88,0.50,999.5,100,15.1
2023-03-12T11:00,14.8,88,0.50,999.4,96,14.9
2023-03-12T12:00,16.4,69,0.20,999.3,100,12.1
2023-03-12T13:00,17.3,64,0.00,998.6,59,11.4
2023-03-12T14:00,17.6,64,0.00,997.9,36,10.8
2023-03-12T15:00,17.6,64,0.00,997.0,33,11.2
2023-03-12T16:00,17.6,63,0.00,996.5,30,11.0
2023-03-12T17:00,17.1,64,0.00,996.1,30,9.9
2023-03-12T18:00,15.0,76,0.00,996.2,30,7.8
2023-03-12T19:00,11.9,87,0.00,996.2,30,5.8
2023-03-12T20:00,10.7,90,0.00,996.3,30,6.8
2023-03-12T21:00,10.0,91,0.00,996.1,30,7.1
2023-03-12T22:00,9.2,92,0.00,996.1,26,8.1
2023-03-12T23:00,10.0,91,0.00,995.5,13,6.2
2023-03-13T00:00,10.2,92,0.00,994.9,13,8.2
2023-03-13T01:00,10.8,92,0.00,994.4,54,8.0
2023-03-13T02:00,10.9,93,0.00,994.4,14,7.1
2023-03-13T03:00,10.9,94,0.00,993.9,100,10.6
2023-03-13T04:00,11.8,93,0.00,993.3,100,16.8
2023-03-13T05:00,12.3,93,0.00,992.5,100,20.5
2023-03-13T06:00,12.3,95,0.80,991.5,100,22.3
2023-03-13T07:00,12.2,97,5.10,991.9,100,18.6
2023-03-13T08:00,12.1,100,1.40,992.9,93,16.6
2023-03-13T09:00,13.1,95,0.10,993.6,100,20.6
2023-03-13T10:00,13.2,87,0.10,993.9,70,20.6
2023-03-13T11:00,14.9,74,0.20,994.0,74,25.0
2023-03-13T12:00,13.2,83,4.20,993.8,46,25.4
2023-03-13T13:00,15.3,72,0.10,994.5,55,31.0
2023-03-13T14:00,14.0,66,1.30,994.9,70,31.7
2023-03-13T15:00,14.2,66,0.10,995.2,32,27.7
2023-03-13T16:00,13.7,60,0.30,995.6,52,26.0
2023-03-13T17:00,12.9,69,0.00,996.2,28,19.8
2023-03-13T18:00,12.4,74,0.10,996.6,18,17.7
2023-03-13T19:00,11.1,80,0.00,997.2,7,10.8
2023-03-13T20:00,9.9,86,0.00,997.8,17,7.2
2023-03-13T21:00,9.0,89,0.00,998.3,24,6.3
2023-03-13T22:00,8.2,91,0.00,998.8,23,7.3
2023-03-13T23:00,7.6,92,0.00,999.0,7,8.4
2023-03-14T00:00,8.3,91,0.00,999.1,69,9.7
2023-03-14T01:00,8.7,86,0.00,999.1,57,6.4
2023-03-14T02:00,8.2,87,0.00,999.4,92,5.7
2023-03-14T03:00,7.5,91,0.00,999.3,82,5.9
2023-03-14T04:00,7.9,89,0.00,999.1,99,4.8
2023-03-14T05:00,7.5,92,0.00,999.2,98,5.0
2023-03-14T06:00,7.2,93,0.00,999.4,56,3.7
2023-03-14T07:00,6.1,96,0.00,999.6,65,5.3
2023-03-14T08:00,9.0,92,0.00,1000.6,71,4.6
2023-03-14T09:00,10.8,87,0.10,1001.7,80,3.1
2023-03-14T10:00,12.3,77,0.10,1002.0,95,5.0
2023-03-14T11:00,13.7,67,0.10,1002.2,65,8.7
2023-03-14T12:00,14.0,61,0.10,1002.3,100,6.3
2023-03-14T13:00,14.7,59,0.00,1001.9,100,7.3
2023-03-14T14:00,15.0,57,0.00,1001.6,100,8.8
2023-03-14T15:00,14.9,58,0.00,1001.1,100,9.0
2023-03-14T16:00,14.9,58,0.00,1000.9,68,9.0
2023-03-14T17:00,14.3,61,0.00,1000.6,100,8.6
2023-03-14T18:00,12.7,76,0.00,1000.5,4,7.3
2023-03-14T19:00,9.8,90,0.00,1000.5,9,6.5
2023-03-14T20:00,10.4,87,0.00,1000.8,16,6.1
2023-03-14T21:00,10.3,88,0.00,1000.9,14,0.4
2023-03-14T22:00,7.3,96,0.00,1000.2,2,5.2
2023-03-14T23:00,6.8,96,0.00,999.5,0,6.9
2023-03-15T00:00,7.6,92,0.00,999.5,0,4.7
2023-03-15T01:00,6.7,94,0.00,998.9,2,5.9
2023-03-15T02:00,5.8,94,0.00,998.7,2,6.6
2023-03-15T03:00,5.2,94,0.00,998.1,5,5.4
2023-03-15T04:00,4.5,95,0.00,996.9,0,4.0
2023-03-15T05:00,3.9,96,0.00,996.5,0,3.9
2023-03-15T06:00,3.4,96,0.00,995.9,0,4.0
2023-03-15T07:00,3.2,95,0.00,995.3,6,3.3
2023-03-15T08:00,6.1,89,0.00,995.3,6,5.9
2023-03-15T09:00,10.4,83,0.00,995.4,0,3.8
2023-03-15T10:00,13.8,72,0.00,995.3,0,3.3
2023-03-15T11:00,16.3,63,0.00,995.1,0,6.3
2023-03-15T12:00,17.8,54,0.00,994.8,0,7.6
2023-03-15T13:00,19.0,48,0.00,994.3,0,9.8
2023-03-15T14:00,19.4,47,0.00,993.1,0,10.8
2023-03-15T15:00,19.5,49,0.00,992.1,0,9.4
2023-03-15T16:00,19.5,53,0.00,991.6,0,7.8
2023-03-15T17:00,17.8,62,0.00,991.3,0,10.9
2023-03-15T18:00,14.1,70,0.00,991.2,0,8.4
2023-03-15T19:00,13.0,67,0.00,991.4,0,3.3
2023-03-15T20:00,9.7,85,0.00,991.4,0,5.4
2023-03-15T21:00,9.0,88,0.00,991.1,4,6.4
2023-03-15T22:00,8.4,89,0.00,990.7,25,5.6
2023-03-15T23:00,10.9,81,0.00,990.4,26,3.2
2023-03-16T00:00,9.7,85,0.00,989.7,30,5.0
2023-03-16T01:00,7.6,92,0.00,989.0,30,4.5
2023-03-16T02:00,7.0,93,0.00,988.4,25,6.3
2023-03-16T03:00,6.5,93,0.00,988.0,28,5.5
2023-03-16T04:00,7.0,92,0.00,987.3,29,5.6
2023-03-16T05:00,7.3,91,0.00,986.9,30,7.4
2023-03-16T06:00,6.3,92,0.00,986.8,30,9.2
2023-03-16T07:00,6.9,92,0.00,986.9,30,6.9
2023-03-16T08:00,9.3,87,0.00,987.6,30,5.9
2023-03-16T09:00,11.9,82,0.00,987.9,31,5.3
2023-03-16T10:00,13.9,76,0.00,987.9,34,9.4
2023-03-16T11:00,15.5,69,0.00,987.5,44,12.2
2023-03-16T12:00,17.0,61,0.00,986.5,87,13.5
2023-03-16T13:00,17.6,57,0.00,986.1,93,13.6
2023-03-16T14:00,16.7,60,0.00,985.5,62,15.3
2023-03-16T15:00,15.3,75,0.70,985.5,94,15.0
2023-03-16T16:00,13.7,84,3.60,985.7,100,12.5
2023-03-16T17:00,12.8,89,1.60,985.7,100,9.2
2023-03-16T18:00,12.2,91,2.70,985.7,100,9.4
2023-03-16T19:00,11.9,93,5.50,985.9,100,9.0
2023-03-16T20:00,11.6,96,2.00,986.2,100,12.4
2023-03-16T21:00,11.9,96,0.30,986.6,93,10.2
2023-03-16T22:00,11.6,98,0.20,986.7,71,8.8
2023-03-16T23:00,11.0,91,0.30,987.2,61,7.4
2023-03-17T00:00,10.5,94,0.00,986.6,50,11.0
2023-03-17T01:00,10.8,94,0.60,987.0,100,16.0
2023-03-17T02:00,11.1,91,0.30,986.6,100,12.5
2023-03-17T03:00,10.7,96,0.90,986.5,100,15.8
2023-03-17T04:00,10.5,92,1.50,986.4,100,16.4
2023-03-17T05:00,10.5,92,1.60,986.9,100,18.0
2023-03-17T06:00,10.1,93,0.30,987.5,100,16.9
2023-03-17T07:00,10.3,93,0.80,988.0,100,13.7
2023-03-17T08:00,10.5,92,1.50,988.8,100,20.4
2023-03-17T09:00,10.9,93,1.90,988.8,100,20.7
2023-03-17T10:00,11.7,87,1.70,989.1,100,20.9
2023-03-17T11:00,12.2,88,1.50,990.0,100,18.8
2023-03-17T12:00,12.7,78,2.70,989.7,48,23.6
2023-03-17T13:00,14.0,76,0.10,989.9,57,22.4
2023-03-17T14:00,13.1,80,1.00,989.8,75,20.7
2023-03-17T15:00,11.7,86,1.40,990.4,100,17.7
2023-03-17T16:00,12.0,85,0.10,990.4,73,18.2
2023-03-17T17:00,11.6,84,2.20,990.5,42,14.8
2023-03-17T18:00,11.3,85,0.10,990.8,45,13.8
2023-03-17T19:00,10.0,89,0.40,991.4,81,11.8
2023-03-17T20:00,9.9,89,0.20,991.8,53,8.1
2023-03-17T21:00,9.7,90,0.10,992.4,54,7.1
2023-03-17T22:00,9.0,93,0.20,992.3,26,5.8
2023-03-17T23:00,9.0,93,0.00,992.3,65,6.3
2023-03-18T00:00,9.0,90,0.00,992.7,94,6.1
2023-03-18T01:00,9.3,88,0.00,992.7,100,5.0
2023-03-18T02:00,9.9,90,0.50,992.9,100,8.6
2023-03-18T03:00,10.0,92,0.80,992.8,100,7.3
2023-03-18T04:00,10.0,95,0.40,992.9,100,9.3
2023-03-18T05:00,10.1,93,0.40,993.0,100,5.4
2023-03-18T06:00,9.9,94,1.50,993.3,100,6.8
2023-03-18T07:00,9.8,94,1.30,993.8,100,5.9
2023-03-18T08:00,10.5,95,0.10,994.6,100,7.4
2023-03-18T09:00,11.8,87,0.10,995.3,100,8.6
2023-03-18T10:00,12.2,88,0.10,995.8,90,8.6
2023-03-18T11:00,13.6,80,0.10,996.2,100,11.8
2023-03-18T12:00,14.1,77,0.10,996.4,100,12.3
2023-03-18T13:00,14.3,75,0.20,996.6,50,14.0
2023-03-18T14:00,14.8,72,0.30,996.4,38,15.6
2023-03-18T15:00,15.3,69,0.10,996.3,100,17.3
2023-03-18T16:00,14.9,71,0.10,996.6,52,17.7
2023-03-18T17:00,14.3,71,0.00,996.6,33,15.3
2023-03-18T18:00,13.5,75,0.00,997.2,32,10.7
2023-03-18T19:00,11.1,87,0.00,997.4,18,7.9
2023-03-18T20:00,9.9,91,0.00,998.1,11,6.6
2023-03-18T21:00,9.2,93,0.00,998.7,32,6.6
2023-03-18T22:00,7.7,95,0.00,998.9,27,8.1
2023-03-18T23:00,7.1,96,0.00,999.1,4,8.2
2023-03-19T00:00,6.9,98,0.00,999.8,36,9.0
2023-03-19T01:00,6.9,98,0.00,999.6,40,6.9
2023-03-19T02:00,6.9,97,0.00,999.5,28,6.5
2023-03-19T03:00,6.3,98,0.00,999.0,31,7.5
2023-03-19T04:00,6.0,98,0.00,999.2,30,6.8
2023-03-19T05:00,5.6,98,0.00,999.8,38,5.6
2023-03-19T06:00,4.6,98,0.00,999.7,38,5.2
2023-03-19T07:00,5.4,98,0.00,999.8,52,3.9
2023-03-19T08:00,6.7,95,0.00,1000.0,62,5.5
2023-03-19T09:00,9.1,92,0.00,1000.4,57,4.0
2023-03-19T10:00,12.2,78,0.00,1000.9,31,1.1
2023-03-19T11:00,14.1,68,0.00,1000.6,30,1.1
2023-03-19T12:00,15.4,58,0.00,1000.4,30,2.5
2023-03-19T13:00,16.6,55,0.00,999.7,30,3.3
2023-03-19T14:00,17.3,53,0.00,999.1,30,2.5
2023-03-19T15:00,17.8,53,0.00,998.9,30,2.9
2023-03-19T16:00,17.6,56,0.00,998.8,29,6.0
2023-03-19T17:00,16.5,63,0.00,999.0,30,9.5
2023-03-19T18:00,14.6,77,0.00,998.9,0,7.0
2023-03-19T19:00,10.8,90,0.00,998.7,30,6.5
2023-03-19T20:00,11.6,86,0.00,999.2,16,4.3
2023-03-19T21:00,11.1,88,0.00,999.2,3,2.9
2023-03-19T22:00,10.9,88,0.00,999.2,8,4.2
2023-03-19T23:00,10.3,88,0.00,999.2,10,4.4
2023-03-20T00:00,8.9,91,0.00,999.2,28,2.6
2023-03-20T01:00,6.6,94,0.00,998.7,12,5.4
2023-03-20T02:00,5.9,93,0.00,998.2,29,4.7
2023-03-20T03:00,5.6,93,0.00,997.6,30,5.0
2023-03-20T04:00,5.5,92,0.00,997.4,30,5.4
2023-03-20T05:00,5.6,91,0.00,997.4,30,5.4
2023-03-20T06:00,4.8,92,0.00,997.3,30,6.8
2023-03-20T07:00,6.8,84,0.00,997.9,30,1.6
2023-03-20T08:00,8.0,85,0.00,998.5,30,1.4
2023-03-20T09:00,11.1,79,0.00,998.8,30,2.3
2023-03-20T10:00,14.1,70,0.00,999.1,29,2.2
2023-03-20T11:00,16.3,67,0.00,999.0,30,5.2
2023-03-20T12:00,18.5,55,0.00,998.9,29,9.7
2023-03-20T13:00,19.1,54,0.00,998.6,30,11.6
2023-03-20T14:00,19.0,56,0.00,998.2,29,13.2
2023-03-20T15:00,18.0,63,0.00,997.9,4,13.0
2023-03-20T16:00,16.6,68,0.00,997.7,0,12.5
2023-03-20T17:00,14.9,70,0.00,997.9,1,12.6
2023-03-20T18:00,13.2,76,0.00,997.9,0,7.2
2023-03-20T19:00,10.2,86,0.00,997.8,7,6.3
2023-03-20T20:00,8.6,92,0.00,997.7,4,6.4
2023-03-20T21:00,7.9,93,0.00,998.2,14,7.1
2023-03-20T22:00,9.0,91,0.00,998.5,16,4.9
2023-03-20T23:00,9.3,91,0.00,998.5,30,3.7
2023-03-21T00:00,9.0,93,0.00,998.5,64,2.1
2023-03-21T01:00,7.8,96,0.00,998.2,100,4.7
2023-03-21T02:00,8.9,93,0.00,998.2,100,3.3
2023-03-21T03:00,9.3,93,0.00,997.6,90,2.7
2023-03-21T04:00,9.5,92,0.00,997.3,89,4.0
2023-03-21T05:00,9.5,92,0.00,997.3,91,3.8
2023-03-21T06:00,9.3,93,0.00,997.4,93,4.3
2023-03-21T07:00,9.6,92,0.00,997.3,90,5.9
2023-03-21T08:00,10.2,90,0.00,997.9,90,3.8
2023-03-21T09:00,11.4,88,0.00,998.2,30,1.1
2023-03-21T10:00,12.9,84,0.00,998.4,31,1.1
2023-03-21T11:00,14.4,75,0.00,998.4,38,3.4
2023-03-21T12:00,15.2,67,0.00,998.0,4,5.0
2023-03-21T13:00,16.2,62,0.00,997.2,33,5.2
2023-03-21T14:00,16.7,62,0.00,996.8,33,7.9
2023-03-21T15:00,16.8,64,0.00,996.0,14,7.2
2023-03-21T16:00,16.4,69,0.00,995.6,11,10.4
2023-03-21T17:00,15.1,74,0.00,995.8,33,11.9
2023-03-21T18:00,13.4,81,0.00,995.8,23,10.5
2023-03-21T19:00,10.6,93,0.00,995.7,30,5.8
2023-03-21T20:00,9.8,93,0.00,996.1,30,5.3
2023-03-21T21:00,8.3,97,0.00,996.2,30,5.6
2023-03-21T22:00,8.0,99,0.00,996.3,30,4.7
2023-03-21T23:00,9.2,98,0.00,996.0,30,3.4
2023-03-22T00:00,8.8,97,0.00,995.9,34,5.6
2023-03-22T01:00,9.1,97,0.00,995.5,70,4.1
2023-03-22T02:00,8.9,98,0.00,995.0,100,4.6
2023-03-22T03:00,9.0,97,0.00,994.6,100,4.3
2023-03-22T04:00,8.8,96,0.00,994.3,100,4.3
2023-03-22T05:00,9.0,94,0.00,994.2,100,4.8
2023-03-22T06:00,9.3,90,0.00,994.3,100,7.1
2023-03-22T07:00,9.1,92,0.00,994.4,100,7.0
2023-03-22T08:00,9.9,92,0.00,994.7,100,8.7
2023-03-22T09:00,11.0,88,0.00,995.0,100,9.3
2023-03-22T10:00,12.3,79,0.10,994.9,100,9.4
2023-03-22T11:00,13.3,72,0.10,994.9,100,11.1
2023-03-22T12:00,13.5,71,0.10,995.0,100,11.9
2023-03-22T13:00,14.5,66,0.00,994.9,100,13.1
2023-03-22T14:00,14.8,64,0.00,994.2,100,13.6
2023-03-22T15:00,14.9,64,0.00,993.7,100,13.2
2023-03-22T16:00,14.8,64,0.00,993.4,100,14.3
2023-03-22T17:00,14.1,66,0.00,993.5,100,14.8
2023-03-22T18:00,13.4,73,0.00,993.7,100,10.5
2023-03-22T19:00,12.5,79,0.00,993.8,100,8.0
2023-03-22T20:00,12.1,84,0.90,993.6,91,8.8
2023-03-22T21:00,11.7,86,0.00,994.0,100,8.4
2023-03-22T22:00,11.8,86,0.00,994.0,100,8.3
2023-03-22T23:00,11.8,85,0.10,993.8,100,11.2
2023-03-23T00:00,12.0,82,0.00,993.7,100,9.9
2023-03-23T01:00,12.0,82,0.00,993.0,100,11.1
2023-03-23T02:00,11.8,83,0.00,992.5,100,8.9
2023-03-23T03:00,12.0,82,0.00,991.8,100,9.8
2023-03-23T04:00,12.1,80,0.00,991.4,100,10.5
2023-03-23T05:00,12.0,80,0.00,991.2,100,11.0
2023-03-23T06:00,11.9,81,0.00,991.3,100,11.8
2023-03-23T07:00,12.0,81,0.00,991.1,100,13.1
2023-03-23T08:00,12.1,81,0.00,991.2,100,13.7
2023-03-23T09:00,12.8,83,1.20,991.8,100,13.4
2023-03-23T10:00,12.7,89,6.20,991.9,100,14.0
2023-03-23T11:00,13.1,89,0.30,991.8,100,17.1
2023-03-23T12:00,13.2,88,0.10,992.1,100,19.7
2023-03-23T13:00,13.2,91,0.50,991.8,100,18.4
2023-03-23T14:00,13.5,91,0.30,991.3,100,23.2
2023-03-23T15:00,13.9,90,0.40,991.2,100,23.2
2023-03-23T16:00,13.4,91,1.40,991.2,100,21.1
2023-03-23T17:00,13.4,92,0.60,991.2,100,18.7
2023-03-23T18:00,13.2,93,0.30,991.3,100,19.3
2023-03-23T19:00,13.0,93,0.50,991.2,100,19.8
2023-03-23T20:00,13.0,93,2.10,991.6,100,18.7
2023-03-23T21:00,12.9,94,2.00,992.4,100,19.1
2023-03-23T22:00,12.4,97,2.40,992.7,100,16.3
2023-03-23T23:00,12.5,97,0.90,992.4,100,15.9
2023-03-24T00:00,13.0,93,1.60,992.1,100,18.1
2023-03-24T01:00,13.1,96,1.30,992.1,100,17.6
2023-03-24T02:00,13.3,98,4.00,991.8,100,18.8
2023-03-24T03:00,13.0,98,4.20,992.0,100,12.6
2023-03-24T04:00,12.4,94,0.20,992.1,100,9.5
2023-03-24T05:00,12.2,93,0.10,992.6,100,5.8
2023-03-24T06:00,11.7,96,0.00,993.5,100,5.2
2023-03-24T07:00,11.4,96,0.00,994.4,100,5.8
2023-03-24T08:00,12.0,91,0.00,995.7,40,8.0
2023-03-24T09:00,13.1,84,0.00,996.5,22,8.0
2023-03-24T10:00,14.1,74,0.00,997.3,49,10.8
2023-03-24T11:00,14.9,67,0.00,998.3,18,13.7
2023-03-24T12:00,15.5,63,0.00,998.7,17,13.4
2023-03-24T13:00,15.9,60,0.00,998.9,14,13.7
2023-03-24T14:00,15.8,58,0.00,999.0,5,13.3
2023-03-24T15:00,15.5,54,0.00,999.1,1,12.2
2023-03-24T16:00,15.0,57,0.00,999.1,4,11.9
2023-03-24T17:00,14.2,60,0.00,999.4,5,12.6
2023-03-24T18:00,13.1,70,0.00,999.7,3,9.4
2023-03-24T19:00,10.7,85,0.00,999.8,1,6.2
2023-03-24T20:00,9.1,92,0.00,1000.3,4,7.2
2023-03-24T21:00,10.6,87,0.00,1000.6,4,4.8
2023-03-24T22:00,9.4,91,0.00,1000.7,0,3.1
2023-03-24T23:00,8.7,93,0.00,1000.9,1,3.7
2023-03-25T00:00,6.7,95,0.00,1001.1,2,5.8
2023-03-25T01:00,6.9,92,0.00,1001.1,25,6.7
2023-03-25T02:00,6.0,93,0.00,1000.4,18,7.3
2023-03-25T03:00,5.3,93,0.00,999.9,47,7.3
2023-03-25T04:00,6.1,91,0.00,999.8,78,6.0
2023-03-25T05:00,6.8,91,0.00,999.6,88,6.5
2023-03-25T06:00,7.2,92,0.00,999.6,75,6.5
2023-03-25T07:00,7.2,92,0.00,999.7,89,8.5
2023-03-25T08:00,8.6,89,0.00,999.9,80,9.4
2023-03-25T09:00,10.6,84,0.00,1000.0,35,9.5
2023-03-25T10:00,13.0,71,0.00,1000.3,52,11.6
2023-03-25T11:00,14.9,62,0.00,1000.2,100,13.9
2023-03-25T12:00,15.4,62,0.00,999.8,100,15.7
2023-03-25T13:00,15.5,62,0.00,999.6,100,16.4
2023-03-25T14:00,14.8,63,0.00,999.4,100,17.8
2023-03-25T15:00,14.5,66,0.00,999.4,100,17.0
2023-03-25T16:00,14.0,72,0.10,999.0,100,17.7
2023-03-25T17:00,13.6,79,0.00,998.6,100,18.8
2023-03-25T18:00,13.6,87,0.40,998.4,100,19.7
2023-03-25T19:00,13.1,92,0.40,998.6,100,17.8
2023-03-25T20:00,13.3,95,0.80,998.5,100,20.0
2023-03-25T21:00,13.4,96,1.90,998.8,100,18.0
2023-03-25T22:00,13.2,97,1.60,999.0,100,16.9
2023-03-25T23:00,13.0,96,0.10,999.5,48,11.6
2023-03-26T00:00,11.7,96,0.00,999.5,52,5.2
2023-03-26T01:00,10.0,98,0.00,999.2,46,5.9
2023-03-26T02:00,9.2,98,0.00,999.3,92,6.6
2023-03-26T03:00,9.4,97,0.00,999.3,93,5.8
2023-03-26T04:00,9.8,97,0.00,999.3,85,4.3
2023-03-26T05:00,9.7,97,0.00,999.7,92,4.4
2023-03-26T06:00,9.6,96,0.00,1000.1,14,4.5
2023-03-26T07:00,9.4,95,0.00,1000.6,30,4.0
2023-03-26T08:00,10.8,90,0.00,1001.6,69,5.6
2023-03-26T09:00,12.1,72,0.00,1002.2,34,9.9
2023-03-26T10:00,13.1,67,0.00,1002.7,42,13.6
2023-03-26T11:00,14.3,58,0.00,1003.1,57,15.3
2023-03-26T12:00,15.0,55,0.00,1002.9,76,12.9
2023-03-26T13:00,15.4,54,0.00,1002.8,40,13.6
2023-03-26T14:00,15.8,52,0.00,1002.6,17,14.3
2023-03-26T15:00,15.5,54,0.00,1002.4,39,14.0
2023-03-26T16:00,15.0,56,0.00,1002.3,23,13.0
2023-03-26T17:00,14.5,58,0.00,1001.9,1,12.4
2023-03-26T18:00,13.3,65,0.00,1001.8,4,10.0
2023-03-26T19:00,10.4,74,0.00,1002.0,10,7.5
2023-03-26T20:00,9.2,78,0.00,1002.4,4,7.3
2023-03-26T21:00,8.3,80,0.00,1002.3,16,7.2
2023-03-26T22:00,7.1,85,0.00,1002.2,21,7.6
2023-03-26T23:00,6.3,87,0.00,1001.8,29,7.1
2023-03-27T00:00,6.3,87,0.00,1001.8,28,6.6
2023-03-27T01:00,5.3,91,0.00,1001.7,20,4.3
2023-03-27T02:00,4.7,93,0.00,1001.4,0,4.8
2023-03-27T03:00,4.3,93,0.00,1000.8,0,5.0
2023-03-27T04:00,3.5,95,0.00,1000.1,0,4.9
2023-03-27T05:00,3.1,95,0.00,999.9,0,4.0
2023-03-27T06:00,2.8,94,0.00,999.8,0,4.4
2023-03-27T07:00,3.7,91,0.00,999.9,0,5.6
2023-03-27T08:00,7.9,79,0.00,1000.2,0,8.3
2023-03-27T09:00,12.2,68,0.00,1000.6,0,6.8
2023-03-27T10:00,14.8,57,0.00,1000.7,0,10.7
2023-03-27T11:00,16.5,53,0.00,1000.6,0,12.1
2023-03-27T12:00,18.3,45,0.00,1000.3,0,10.9
2023-03-27T13:00,19.3,43,0.00,999.9,0,8.9
2023-03-27T14:00,19.9,43,0.00,999.5,0,7.3
2023-03-27T15:00,20.4,42,0.00,999.1,3,6.6
2023-03-27T16:00,20.3,41,0.00,998.7,19,5.9
2023-03-27T17:00,18.5,56,0.00,998.5,29,9.7
2023-03-27T18:00,15.9,76,0.00,998.1,30,4.0
2023-03-27T19:00,12.4,82,0.00,997.8,30,6.1
2023-03-27T20:00,13.6,76,0.00,998.2,30,3.0
2023-03-27T21:00,13.2,77,0.00,998.6,34,2.2
2023-03-27T22:00,13.0,78,0.00,998.7,28,1.1
2023-03-27T23:00,10.1,86,0.00,998.3,13,6.3
2023-03-28T00:00,9.8,85,0.00,998.3,0,6.2
2023-03-28T01:00,8.7,86,0.00,997.8,0,6.5
2023-03-28T02:00,8.1,86,0.00,997.3,5,5.8
2023-03-28T03:00,7.8,86,0.00,997.0,40,4.7
2023-03-28T04:00,7.8,85,0.00,997.0,40,5.4
2023-03-28T05:00,8.4,81,0.00,996.8,8,6.7
2023-03-28T06:00,8.3,80,0.00,996.8,11,7.3
2023-03-28T07:00,8.9,78,0.00,997.0,14,7.2
2023-03-28T08:00,12.2,73,0.00,997.5,16,7.4
2023-03-28T09:00,15.8,72,0.00,998.1,30,6.6
2023-03-28T10:00,19.0,61,0.00,998.3,33,7.7
2023-03-28T11:00,21.1,49,0.00,998.7,29,8.8
2023-03-28T12:00,21.8,38,0.00,998.6,37,10.1
2023-03-28T13:00,21.9,39,0.00,998.2,77,11.6
2023-03-28T14:00,22.1,40,0.00,998.0,52,12.0
2023-03-28T15:00,21.9,41,0.00,997.6,29,11.2
2023-03-28T16:00,21.1,47,0.00,997.4,5,9.8
2023-03-28T17:00,20.1,53,0.00,996.9,5,6.9
2023-03-28T18:00,18.2,74,0.00,996.7,2,4.0
2023-03-28T19:00,18.2,57,0.00,996.8,9,3.7
2023-03-28T20:00,15.8,68,0.00,996.9,12,4.0
2023-03-28T21:00,13.1,81,0.00,996.9,7,5.6
2023-03-28T22:00,14.8,74,0.00,997.2,42,3.1
2023-03-28T23:00,14.1,77,0.00,997.3,71,4.3
2023-03-29T00:00,11.9,87,0.00,997.4,64,2.2
2023-03-29T01:00,12.3,82,0.00,997.1,32,6.1
2023-03-29T02:00,11.9,82,0.00,996.3,50,6.8
2023-03-29T03:00,11.5,82,0.00,996.1,71,6.7
2023-03-29T04:00,11.8,78,0.00,995.6,79,7.0
2023-03-29T05:00,12.5,72,0.00,995.1,89,10.2
2023-03-29T06:00,13.5,67,0.00,995.4,79,7.0
2023-03-29T07:00,13.0,72,0.00,996.0,87,6.8
2023-03-29T08:00,15.5,61,0.00,996.5,77,8.9
2023-03-29T09:00,17.8,55,0.00,996.9,65,11.7
2023-03-29T10:00,19.4,51,0.00,997.0,56,13.4
2023-03-29T11:00,19.8,47,0.00,997.1,56,21.5
2023-03-29T12:00,20.7,41,0.00,997.0,50,21.4
2023-03-29T13:00,20.8,44,0.00,996.6,32,21.9
2023-03-29T14:00,20.4,48,0.00,997.0,30,24.1
2023-03-29T15:00,19.0,57,0.00,997.3,0,24.3
2023-03-29T16:00,17.8,67,0.00,997.6,0,20.9
2023-03-29T17:00,17.0,72,0.00,997.7,90,23.4
2023-03-29T18:00,15.8,80,0.00,997.5,100,17.0
2023-03-29T19:00,15.2,85,0.20,998.2,100,15.6
2023-03-29T20:00,14.8,89,0.30,998.1,74,14.7
2023-03-29T21:00,14.5,91,0.30,998.7,96,14.9
2023-03-29T22:00,14.5,92,0.20,999.2,79,15.2
2023-03-29T23:00,14.0,95,0.30,999.0,100,14.3
2023-03-30T00:00,13.7,93,0.90,999.5,100,14.8
2023-03-30T01:00,13.4,96,0.30,999.4,100,15.8
2023-03-30T02:00,13.5,96,0.20,999.2,73,13.3
2023-03-30T03:00,13.0,98,0.10,999.3,96,9.5
2023-03-30T04:00,13.1,99,0.10,999.3,100,10.0
2023-03-30T05:00,12.6,99,0.10,999.4,100,8.7
2023-03-30T06:00,12.8,99,0.10,999.2,100,10.2
2023-03-30T07:00,13.0,97,0.10,999.9,100,12.5
2023-03-30T08:00,13.5,94,0.10,1000.2,100,14.3
2023-03-30T09:00,15.0,84,0.10,1000.5,62,18.4
2023-03-30T10:00,16.0,73,0.10,1001.0,76,21.6
2023-03-30T11:00,16.8,66,0.10,1001.1,100,22.6
2023-03-30T12:00,16.7,66,0.20,1001.0,100,23.5
2023-03-30T13:00,17.0,65,0.10,1001.1,100,26.6
2023-03-30T14:00,16.9,66,0.10,1001.0,100,26.8
2023-03-30T15:00,16.4,67,0.00,1000.7,87,25.6
2023-03-30T16:00,16.6,64,0.00,1000.3,92,26.8
2023-03-30T17:00,15.7,72,0.00,1000.5,100,23.9
2023-03-30T18:00,14.8,82,0.00,1000.8,100,21.0
2023-03-30T19:00,14.0,90,1.20,1000.6,100,19.7
2023-03-30T20:00,13.9,94,2.40,1001.0,100,17.7
2023-03-30T21:00,14.0,94,0.40,1001.1,100,18.5
2023-03-30T22:00,14.0,95,0.50,1001.1,100,19.5
2023-03-30T23:00,14.0,95,0.40,1000.9,100,18.3
2023-03-31T00:00,14.0,96,0.50,1000.2,100,21.0
2023-03-31T01:00,14.1,96,1.50,1000.0,100,22.5
2023-03-31T02:00,14.1,97,1.60,999.7,100,22.1
2023-03-31T03:00,13.8,95,0.50,999.8,100,15.7
2023-03-31T04:00,13.6,96,0.20,999.8,100,11.2
2023-03-31T05:00,13.4,95,0.00,1000.1,100,9.0
2023-03-31T06:00,13.1,95,0.00,1000.4,100,7.9
2023-03-31T07:00,13.0,95,0.00,1001.3,100,6.9
2023-03-31T08:00,13.4,91,0.10,1001.8,100,9.0
2023-03-31T09:00,13.8,86,0.00,1001.4,100,11.3
2023-03-31T10:00,14.4,80,0.00,1002.1,60,14.8
2023-03-31T11:00,15.7,70,0.00,1002.4,86,16.9
2023-03-31T12:00,16.0,65,0.00,1002.1,100,16.2
2023-03-31T13:00,15.6,66,0.10,1002.0,100,16.6
2023-03-31T14:00,15.1,70,0.20,1002.0,100,18.4
2023-03-31T15:00,14.8,72,0.20,1001.8,95,18.4
2023-03-31T16:00,14.8,73,0.00,1001.9,67,18.0
2023-03-31T17:00,14.1,74,0.00,1002.0,70,16.2
2023-03-31T18:00,13.4,78,0.00,1001.9,75,14.1
2023-03-31T19:00,12.4,85,0.00,1002.3,20,9.7
2023-03-31T20:00,10.9,94,0.00,1002.3,40,5.1
2023-03-31T21:00,10.1,95,0.00,1003.0,33,5.4
2023-03-31T22:00,10.1,96,0.00,1003.1,89,5.1
2023-03-31T23:00,10.7,95,0.00,1002.9,100,3.8
2023-04-01T00:00,11.9,94,0.00,1002.9,100,4.6
2023-04-01T01:00,12.0,93,0.10,1002.4,100,5.0
2023-04-01T02:00,11.9,94,0.10,1001.9,100,5.4
2023-04-01T03:00,11.7,94,0.10,1001.8,95,4.3
2023-04-01T04:00,11.5,96,0.30,1001.5,98,2.3
2023-04-01T05:00,11.3,97,0.10,1001.6,100,3.3
2023-04-01T06:00,11.6,96,0.20,1001.5,100,1.3
2023-04-01T07:00,11.9,94,0.60,1001.7,100,1.1
2023-04-01T08:00,12.1,91,0.40,1002.1,100,2.5
2023-04-01T09:00,12.3,88,0.20,1002.4,100,1.3
2023-04-01T10:00,12.4,87,0.40,1002.6,100,1.8
2023-04-01T11:00,12.9,86,0.10,1002.5,100,4.8
2023-04-01T12:00,13.9,82,0.10,1001.6,100,6.6
2023-04-01T13:00,14.5,77,0.00,1001.4,100,7.6
2023-04-01T14:00,15.5,73,0.10,1001.7,100,6.7
2023-04-01T15:00,15.5,71,0.00,1001.4,100,6.9
2023-04-01T16:00,16.3,67,0.10,1001.1,86,11.1
2023-04-01T17:00,16.1,69,0.10,1001.1,21,13.6
2023-04-01T18:00,15.2,71,0.00,1001.3,2,12.2
2023-04-01T19:00,12.7,76,0.00,1001.5,0,11.0
2023-04-01T20:00,11.1,83,0.00,1002.0,0,9.5
2023-04-01T21:00,10.1,87,0.00,1002.6,0,9.1
2023-04-01T22:00,9.6,82,0.00,1003.1,0,9.3
2023-04-01T23:00,9.1,78,0.00,1003.4,0,9.7

time,temperature_2m_max (Â°C),temperature_2m_min (Â°C),apparent_temperature_mean (Â°C)
2023-01-01,13.9,8.9,10.2
2023-01-02,12.2,5.4,7.2
2023-01-03,12.6,2.2,4.7
2023-01-04,14.2,2.8,5.9
2023-01-05,13.9,3.0,4.7
2023-01-06,11.8,3.3,5.5
2023-01-07,13.3,10.6,9.4
2023-01-08,14.1,10.0,10.3
2023-01-09,12.7,7.6,8.3
2023-01-10,13.3,9.1,10.0
2023-01-11,14.1,5.8,9.1
2023-01-12,12.2,4.0,6.4
2023-01-13,15.0,9.3,10.2
2023-01-14,13.0,11.6,10.2
2023-01-15,12.0,5.6,6.1
2023-01-16,12.1,9.8,7.2
2023-01-17,11.9,3.8,3.9
2023-01-18,8.5,1.9,2.1
2023-01-19,11.4,2.2,5.3
2023-01-20,14.4,9.8,10.6
2023-01-21,15.0,6.2,9.7
2023-01-22,11.7,2.6,4.3
2023-01-23,11.2,-0.8,1.4
2023-01-24,11.7,-1.7,1.1
2023-01-25,11.0,-0.2,1.5
2023-01-26,11.0,0.3,2.4
2023-01-27,11.5,2.7,2.9
2023-01-28,11.6,1.0,2.1
2023-01-29,11.3,-0.9,1.4
2023-01-30,11.1,0.1,1.5
2023-01-31,12.5,-2.3,1.9
2023-02-01,13.2,1.0,3.6
2023-02-02,14.0,2.5,3.9
2023-02-03,15.8,-0.1,4.5
2023-02-04,16.4,-0.4,4.8
2023-02-05,16.6,1.6,5.0
2023-02-06,16.2,1.7,5.3
2023-02-07,14.3,3.9,5.1
2023-02-08,13.5,5.9,4.8
2023-02-09,14.6,3.7,5.1
2023-02-10,13.7,5.1,4.1
2023-02-11,13.3,4.0,3.5
2023-02-12,14.1,5.0,5.3
2023-02-13,16.7,7.2,8.5
2023-02-14,16.6,6.6,8.6
2023-02-15,18.3,7.7,10.2
2023-02-16,18.4,4.2,9.2
2023-02-17,20.0,5.4,9.0
2023-02-18,18.6,6.8,9.1
2023-02-19,19.9,6.1,10.3
2023-02-20,19.7,8.2,11.2
2023-02-21,15.0,7.5,9.5
2023-02-22,14.0,7.2,9.1
2023-02-23,10.4,2.2,2.7
2023-02-24,10.5,-1.8,2.0
2023-02-25,9.1,2.2,2.5
2023-02-26,14.2,0.4,4.1
2023-02-27,12.3,2.5,3.3
2023-02-28,11.6,-0.4,2.2
2023-03-01,11.1,-1.6,1.3
2023-03-02,13.2,-1.5,2.7
2023-03-03,14.2,-1.1,4.2
2023-03-04,16.3,1.8,5.8
2023-03-05,11.2,5.1,5.6
2023-03-06,13.0,8.8,9.8
2023-03-07,14.9,10.3,10.0
2023-03-08,14.0,12.5,11.4
2023-03-09,15.2,11.4,10.7
2023-03-10,15.0,12.0,11.8
2023-03-11,16.0,12.4,12.6
2023-03-12,17.6,9.2,13.1
2023-03-13,15.3,7.6,9.3
2023-03-14,15.0,6.1,8.9
2023-03-15,19.5,3.2,9.6
2023-03-16,17.6,6.3,9.7
2023-03-17,14.0,9.0,8.5
2023-03-18,15.3,7.1,9.7
2023-03-19,17.8,4.6,9.7
2023-03-20,19.1,4.8,9.6
2023-03-21,16.8,7.8,10.7
2023-03-22,14.9,8.8,9.9
2023-03-23,13.9,11.8,10.6
2023-03-24,15.9,8.7,11.3
2023-03-25,15.5,5.3,8.9
2023-03-26,15.8,6.3,9.6
2023-03-27,20.4,2.8,10.1
2023-03-28,22.1,7.8,13.7
2023-03-29,20.8,11.5,13.7
2023-03-30,17.0,12.6,12.6
2023-03-31,16.0,10.1,12.0
2023-04-01,16.3,9.1,11.8
